accuracy,balanced_accuracy,macro_precision,macro_recall,macro_f1,weighted_f1,log_loss,brier_score_multiclass,fold_id,fit_time_seconds,prediction_time_seconds,n_predictors,feature_representation,model,n_folds,failed_fits,macro_f1_std,balanced_accuracy_std,log_loss_std,brier_score_std
0.7253800791775625,0.5934573421567955,0.5950282567370787,0.5934573421567955,0.5934762906526,0.7252478061999649,4.3780967712402346,0.5492398416448747,5.5,1.115141224861145,0.005671119689941407,12,NV,Decision Tree,10,0,0.012534351081029182,0.013660151336400266,0.029375792903417144,0.0036852452674330446
0.8230587136651708,0.7204647601180934,0.7396860068896078,0.7204647601180934,0.7201167116296033,0.8235061916253695,0.6487921118736267,0.27802292637293935,5.5,4.152897524833679,0.12762069702148438,12,NV,Random Forest,10,0,0.011868860302176334,0.012100203118280336,0.007215232183562177,0.0018884910025783917
0.13613591878352144,0.11064465015742717,0.14828391620538933,0.11064465015742717,0.0812287351128955,0.1294794860630443,5.621036005020142,1.2339188466301358,5.5,0.1295475959777832,0.010935640335083008,12,NV,Gaussian Naive Bayes,10,0,0.0024436232131111795,0.002802086662144181,0.07386956553395266,0.03044388275073285
0.8147669193860902,0.6859071732207385,0.7472159154700118,0.6859071732207385,0.7054936998373693,0.8120685410574495,1.401765263080597,0.26487563436891,5.5,0.1550926685333252,0.5163420677185059,12,NV,K-Nearest Neighbours,10,0,0.010563102672640236,0.009710453311654335,0.029527957714514084,0.003421266637790686
0.4847146912421829,0.19104378091439334,0.26685226513560584,0.19104378091439334,0.19082172217435336,0.4134334958609999,1.7001972556114198,0.6679899266679301,5.5,7.323552370071411,0.022171831130981444,12,NV,Support Vector Machine,10,0,0.001947589123649281,0.0011748488395115619,0.005683032456680452,0.0012942818344840613
0.7673547636979702,0.6173497628515012,0.6867980235767208,0.6173497628515012,0.6300852147977296,0.7600561708449545,0.7023568332195282,0.3248814028156001,5.5,7.948648810386658,0.006528878211975097,12,NV,Neural Network,10,0,0.01820363457070156,0.015199234278213672,0.014915213357359855,0.0066507613123464385
0.4643373470251353,0.4464228416114258,0.37321939501199924,0.4464228416114258,0.3531445799964761,0.5051103866027589,2.0210574865341187,0.7458026927120636,5.5,3.5491126775741577,0.004143285751342774,12,NV,Logistic Regression,10,0,0.0035129059195414644,0.00784240927788204,0.013212437434093938,0.002478557890782856
0.7052973737002737,0.5601050883400338,0.5617433720997081,0.5601050883400338,0.5604455124122258,0.7053028453373582,4.698262786865234,0.5894052525994524,5.5,1.6177649259567262,0.007160663604736328,18,ANV,Decision Tree,10,0,0.00954018467536764,0.009834648969121767,0.03346081211290409,0.0041977194332417315
0.7951445997766926,0.6826511800966529,0.6865040172598227,0.6826511800966529,0.6792071239042536,0.7964611333369859,0.7409638583660125,0.3039823012772792,5.5,5.606961894035339,0.14295215606689454,18,ANV,Random Forest,10,0,0.01086754832807696,0.010722856794456233,0.010039459284170514,0.0024192128898985073
0.11131112667485862,0.11153883117411911,0.11180392169926481,0.11153883117411911,0.07182106244154504,0.12237089705911512,8.136985635757446,1.5891848885382127,5.5,0.17023162841796874,0.01830439567565918,18,ANV,Gaussian Naive Bayes,10,0,0.0014326756601133006,0.0059186808693830325,0.2757198401138104,0.01178891002733905
0.7748961887160485,0.6273018686855824,0.7076086974613662,0.6273018686855824,0.6524865026416627,0.7714690789379711,1.8123770236968995,0.31602102811650723,5.5,0.16815001964569093,0.6428005933761597,18,ANV,K-Nearest Neighbours,10,0,0.009888686586855898,0.01149231228793959,0.03788268277798642,0.0035569684655297686
0.5628907814089327,0.28390605202223895,0.3754662201563537,0.28390605202223895,0.2933665274995401,0.5107326416410594,1.452456820011139,0.5900097151448802,5.5,17.665210342407228,0.02198820114135742,18,ANV,Support Vector Machine,10,0,0.0032540325045728844,0.0030344787275702633,0.004642084813443529,0.0014605656645246868
0.755145131592234,0.6099240353058584,0.6780094262558032,0.6099240353058584,0.6226386874142622,0.7467113583497773,0.7261752724647522,0.3392828599500775,5.5,8.222367930412293,0.007186317443847656,18,ANV,Neural Network,10,0,0.04377326136605999,0.04618613930123667,0.08604276143980774,0.0338256549377675
0.5468319822378273,0.546054546715407,0.4519577316457594,0.546054546715407,0.4364177129190773,0.5828014954302656,1.7863227009773255,0.6856710072085767,5.5,5.477726340293884,0.004183340072631836,18,ANV,Logistic Regression,10,0,0.003129888709606212,0.010469562058256325,0.011947331127223881,0.0022253634416587002
0.700799257925493,0.5580867578862088,0.5626231188800759,0.5580867578862088,0.5591643665960944,0.7007160385745145,4.769973421096802,0.5984014841490142,5.5,1.6146182298660279,0.006595420837402344,18,WMRV,Decision Tree,10,0,0.008687740737741985,0.009991695756893496,0.03933875181545035,0.004935115889207146
0.7824375592595976,0.6687561313398269,0.6693486324427413,0.6687561313398269,0.6637428354973091,0.784602263233993,0.7797321081161499,0.3134180415034772,5.5,4.970285439491272,0.1304708242416382,18,WMRV,Random Forest,10,0,0.0118166357080444,0.011984400142043775,0.010023212181458017,0.002605090817711104
0.11759098412201005,0.11086060252286409,0.12262864338222601,0.11086060252286409,0.07563497322195434,0.13475706962706874,7.923485326766968,1.5451752110449601,5.5,0.16447844505310058,0.014203667640686035,18,WMRV,Gaussian Naive Bayes,10,0,0.0029749216107594506,0.004431401884794897,0.22619568123193592,0.016622389306733733
0.7654395359007496,0.6187813003013185,0.6863177373081663,0.6187813003013185,0.641269119442624,0.7620860613798408,1.9380666732788085,0.32839219005480486,5.5,0.16540300846099854,0.4386481761932373,18,WMRV,K-Nearest Neighbours,10,0,0.010274192582988733,0.010873207950424457,0.03881540699250414,0.003293301395084668
0.5229003494254909,0.23999563074461355,0.310812005938135,0.23999563074461355,0.2415730790949846,0.46240607391075744,1.563522183895111,0.629770018210777,5.5,14.29280731678009,0.019743585586547853,18,WMRV,Support Vector Machine,10,0,0.0019686754304999304,0.00197444951903585,0.006696816743962108,0.0015651447590336284
0.7294133379337815,0.5665358956993274,0.6351503533729068,0.5665358956993274,0.579083798498547,0.7194915495411803,0.8040242791175842,0.37466073225604424,5.5,11.26425290107727,0.0065155506134033205,18,WMRV,Neural Network,10,0,0.021638667085095743,0.021814137181648364,0.039154310341418724,0.01691860123119165
0.49071835731442015,0.4760781419347306,0.4105438451909601,0.4760781419347306,0.3805980697919851,0.5254794511819395,1.9147940278053284,0.7261532995166664,5.5,6.023476958274841,0.004238772392272949,18,WMRV,Logistic Regression,10,0,0.005165290606604279,0.011698959024157537,0.013792805050353471,0.002711984336630526
0.9013775285825947,0.8166618333151273,0.8273589110851225,0.8166618333151273,0.8188378517620907,0.9012828840790081,1.572277593612671,0.19724494283481042,5.5,11.504237270355224,0.018004989624023436,192,KMNV,Decision Tree,10,0,0.009499957002124887,0.012179845657367664,0.030860973081056814,0.003871567501347229
0.9638539228825497,0.9271780103897396,0.9654386761297717,0.9271780103897396,0.9419464932844409,0.9639006230979282,0.24645329862833024,0.09490828685788365,5.5,11.739940619468689,0.12693841457366944,192,KMNV,Random Forest,10,0,0.005902606657436979,0.007671466708318884,0.003054559646651516,0.0015851923177920308
0.2890995345458813,0.22656247610697458,0.2693241292644571,0.22656247610697458,0.13477094570181317,0.25372554566969396,10.85590476989746,1.4000416875605532,5.5,1.2677848100662232,0.07815413475036621,192,KMNV,Gaussian Naive Bayes,10,0,0.004937617174237917,0.01779011617746306,0.05318506537696532,0.007047299851091043
0.9389830675781761,0.8889645388519835,0.9324539303683979,0.8889645388519835,0.9063912750727651,0.9387560778321788,0.42353948056697843,0.08765186456387349,5.5,1.2779507875442504,1.182307815551758,192,KMNV,K-Nearest Neighbours,10,0,0.007021272887423063,0.00861564170633045,0.02057961857932007,0.0025620546822644665
0.9798666635211335,0.9857677012491075,0.9901865567704153,0.9857677012491075,0.9878286810003777,0.9798592274130083,0.08435947448015213,0.03659660478714542,5.5,438.0308390855789,0.04640533924102783,192,KMNV,Support Vector Machine,10,0,0.0019856401161108673,0.003963958234089175,0.002414940836092189,0.0010327738363259478
0.9875139200439392,0.9762074163552367,0.986060954935736,0.9762074163552367,0.9799333396555294,0.9875083993118071,0.045552391186356546,0.019388833413270797,5.5,6.166307210922241,0.019641852378845213,192,KMNV,Neural Network,10,0,0.004907482956667943,0.00875181333989336,0.004022273293787392,0.002157539166189698
0.9809440026849796,0.982618904519797,0.9843223046303733,0.982618904519797,0.9830304953957396,0.9809410290729261,0.07033243104815483,0.030732423102116397,5.5,2.974045014381409,0.016994881629943847,192,KMNV,Logistic Regression,10,0,0.0024209579776189407,0.004130212348638893,0.004030252831520348,0.0015712617786991338
0.7931050337602187,0.6886527417770024,0.6861764223394884,0.6886527417770024,0.6857034563464114,0.7929033864241346,3.2935889959335327,0.4135535437824614,5.5,12.860637402534485,0.10580968856811523,1536,ENV,Decision Tree,10,0,0.016027786734166403,0.01833918402803342,0.03803861216157417,0.004756495964127054
0.8980534080155815,0.8282148457520171,0.9036310867479382,0.8282148457520171,0.8527780235385487,0.8985776610689168,0.5131255030632019,0.21372361549224972,5.5,11.1122385263443,0.28389616012573243,1536,ENV,Random Forest,10,0,0.009300224619534433,0.011234735743928562,0.005531092436454164,0.0019096913179405938
0.04542772658585105,0.13465486349118033,0.22838380607231593,0.13465486349118033,0.05734953139268321,0.05897194899548118,15.188105869293214,1.9077092729517517,5.5,5.005716300010681,0.5393732786178589,1536,ENV,Gaussian Naive Bayes,10,0,0.008533223947618431,0.01199237013053877,0.30195417534589125,0.03728520046263468
0.8582701776412283,0.7536993689134666,0.845067731810133,0.7536993689134666,0.7845402280899731,0.8567770502215298,1.1171581745147705,0.19867293483800524,5.5,5.164196419715881,7.220684337615967,1536,ENV,K-Nearest Neighbours,10,0,0.014452634640025283,0.01559752902376323,0.022056670757827614,0.002747621695843171
0.8744854929453153,0.7350550964604539,0.824124054657816,0.7350550964604539,0.755970799757721,0.8707683378199853,0.5190654218196868,0.21018250338294978,5.5,37715.116445946696,0.2404851198196411,1536,ENV,Support Vector Machine,10,0,0.00526987181754931,0.003720011185810041,0.00492411395286711,0.0011632430730806223
0.9006961287389558,0.8401699399814824,0.8640849715193613,0.8401699399814824,0.8491783769184105,0.9006233565578186,0.4909429997205734,0.158102082240934,5.5,12.803846716880798,0.11925272941589356,1536,ENV,Neural Network,10,0,0.011826066957779468,0.013245182590648302,0.048516644107620244,0.0056184689794833665
0.8792966759599791,0.8680128763530393,0.8551488150999125,0.8680128763530393,0.8569558036814989,0.8800898167313654,0.6127066135406494,0.19052590116217866,5.5,12.621073389053345,0.11398897171020508,1536,ENV,Logistic Regression,10,0,0.004979124372188389,0.0060332492231765815,0.017152239534188384,0.0027742158613612406
0.8780720166843825,0.7969618086500136,0.8023164301695184,0.7969618086500136,0.7982532467176767,0.877978976035638,1.9438229560852052,0.2438559666312349,5.5,1.6448505163192748,0.007352995872497559,64,KMC,Decision Tree,10,0,0.015164259369048232,0.01756789845304575,0.04312448404443664,0.00541004179596732
0.9501063340693543,0.9084196203661756,0.9430661961138072,0.9084196203661756,0.9204676290742777,0.950351955304208,0.2803174555301666,0.113103289722158,5.5,3.5163938283920286,0.10554029941558837,64,KMC,Random Forest,10,0,0.009781234736634996,0.011500323050885126,0.003646129455752314,0.0016806403859939935
0.2506100405417676,0.17696774770592755,0.1823714319512029,0.17696774770592755,0.08626011818090003,0.19286795965522963,11.006005859375,1.4438694814457744,5.5,0.28401939868927,0.025299644470214842,64,KMC,Gaussian Naive Bayes,10,0,0.0018232567657613938,0.011069389937745382,0.05566641483713941,0.003128938545515344
0.9337713297457299,0.8861725840864387,0.9259126801636984,0.8861725840864387,0.9028138995966181,0.9335994505649412,0.43017072081565855,0.09497664577783833,5.5,0.2884952545166016,0.6113847017288208,64,KMC,K-Nearest Neighbours,10,0,0.010078216992215094,0.010491492568366276,0.021724121608581465,0.0028183557326014394
0.9321921383631002,0.9240445059572167,0.9478870488523317,0.9240445059572167,0.9339258581378591,0.9321315628877965,0.26563464999198916,0.11900098556709753,5.5,22.464812135696413,0.021302294731140137,64,KMC,Support Vector Machine,10,0,0.006412861928698254,0.008080149131103387,0.00418981064205184,0.0012926471185534018
0.9628686463092171,0.9486154096983226,0.9627121412889872,0.9486154096983226,0.9543805150465502,0.9628786589163741,0.11259559020400048,0.055088073168834704,5.5,4.721479439735413,0.009337520599365235,64,KMC,Neural Network,10,0,0.004454601614403743,0.006617141258951779,0.005681660168706447,0.002976162603040736
0.9335687421504746,0.9524681996576938,0.9101813418018357,0.9524681996576938,0.9274891462247477,0.9338918356241829,0.22927605211734772,0.10728517809326281,5.5,5.966478753089905,0.006191778182983399,64,KMC,Logistic Regression,10,0,0.0074895702538322825,0.005894690298390676,0.004844469290750277,0.0013963618224528877
