accuracy,balanced_accuracy,macro_precision,macro_recall,macro_f1,weighted_f1,log_loss,brier_score_multiclass,model,fold_id,fit_time_seconds,prediction_time_seconds,fit_status,error_message,feature_representation,n_predictors
0.7251047373509507,0.5870686660392929,0.5963980881588876,0.5870686660392929,0.5904766649137547,0.7254316647283726,4.382486343383789,0.5497905252980986,Decision Tree,1,1.115607738494873,0.00528407096862793,success,,NV,12
0.7240791896869245,0.5784421749599256,0.5857306422834231,0.5784421749599256,0.5813759520467732,0.7235732604051733,4.398836135864258,0.551841620626151,Decision Tree,2,1.0743250846862793,0.005738973617553711,success,,NV,12
0.7250920810313075,0.6031832392002797,0.5911383461522863,0.6031832392002797,0.595557157795197,0.7252065176485154,4.382688045501709,0.5498158379373849,Decision Tree,3,1.0833559036254883,0.0057489871978759766,success,,NV,12
0.7270257826887662,0.601921927968852,0.6017794081893418,0.601921927968852,0.6013337139138681,0.7268003460476138,4.351860523223877,0.5459484346224678,Decision Tree,4,1.0866177082061768,0.006595134735107422,success,,NV,12
0.7256906077348066,0.5982212232434327,0.604533849484171,0.5982212232434327,0.6009433894928312,0.7254841658294513,4.373146057128906,0.5486187845303867,Decision Tree,5,1.1256740093231201,0.0055370330810546875,success,,NV,12
0.7216978960453018,0.5817663243656795,0.5800118945327463,0.5817663243656795,0.5802374287973262,0.7210585593168227,4.4367995262146,0.5566042079093965,Decision Tree,6,1.1362340450286865,0.0061969757080078125,success,,NV,12
0.7285911602209945,0.5700950051258595,0.5723594165847408,0.5700950051258595,0.5709888328448762,0.7284817985907988,4.326904296875,0.5428176795580111,Decision Tree,7,1.1507487297058105,0.005750894546508789,success,,NV,12
0.7266114180478821,0.6104846138704465,0.6013061412503307,0.6104846138704465,0.6049681159291381,0.7268971704741858,4.358466625213623,0.5467771639042357,Decision Tree,8,1.0873782634735107,0.005186796188354492,success,,NV,12
0.7246777163904236,0.6093129177945037,0.612964532959149,0.6093129177945037,0.6108941065942661,0.7245748913906451,4.389294147491455,0.5506445672191529,Decision Tree,9,1.179973840713501,0.0051572322845458984,success,,NV,12
0.7252302025782689,0.5940773289996828,0.6040602477757107,0.5940773289996828,0.5979875441979697,0.72496968756807,4.380486011505127,0.5495395948434623,Decision Tree,10,1.111496925354004,0.005515098571777344,success,,NV,12
0.824363519174992,0.7057698512005938,0.7551263941053353,0.7057698512005938,0.7101748309452145,0.8248785928746247,0.641990065574646,0.2759573960945883,Random Forest,1,4.110167026519775,0.13043212890625,success,,NV,12
0.8222836095764272,0.7142741088615768,0.753053475099918,0.7142741088615768,0.7224290916965737,0.8226742567546868,0.6505289077758789,0.27870625037200525,Random Forest,2,4.028973817825317,0.12900495529174805,success,,NV,12
0.8205340699815838,0.7211506518718568,0.7191818857566874,0.7211506518718568,0.7147442248177033,0.8212271545816505,0.657089352607727,0.28078543290765,Random Forest,3,3.9975080490112305,0.12221407890319824,success,,NV,12
0.8259668508287292,0.7297077792908756,0.7667237655814584,0.7297077792908756,0.7329502809790384,0.8265036176365431,0.6383402943611145,0.2748484315986536,Random Forest,4,4.058939218521118,0.13052082061767578,success,,NV,12
0.8227900552486188,0.7283224063380582,0.7577390137145287,0.7283224063380582,0.7304287079393338,0.8228940768666506,0.653015673160553,0.2796203203571993,Random Forest,5,4.104090690612793,0.12553715705871582,success,,NV,12
0.8230284056903457,0.730184929046115,0.7451863800886428,0.730184929046115,0.7302994480124697,0.8232345879017683,0.6519087553024292,0.2792143957578568,Random Forest,6,4.172606945037842,0.12940430641174316,success,,NV,12
0.8218692449355433,0.6986566508667689,0.7086336167354466,0.6986566508667689,0.6991105970029912,0.8222386268115645,0.6548800468444824,0.2784081779706092,Random Forest,7,4.193082809448242,0.1249392032623291,success,,NV,12
0.8219613259668508,0.7314233804719545,0.7504407163489109,0.7314233804719545,0.7321306912899376,0.8225582381131558,0.637258768081665,0.27616542068610467,Random Forest,8,4.301209926605225,0.12613296508789062,success,,NV,12
0.8224677716390424,0.7329884663367895,0.7223854812752691,0.7329884663367895,0.7218734561491184,0.822676955938799,0.6552858352661133,0.27925452338401,Random Forest,9,4.3072288036346436,0.12983202934265137,success,,NV,12
0.8253222836095764,0.7121693768963445,0.7183893401898813,0.7121693768963445,0.7070257874636529,0.8261758087742515,0.6476234197616577,0.27726891460071645,Random Forest,10,4.2551679611206055,0.1281893253326416,success,,NV,12
0.13654988260209014,0.11481156914299974,0.1704926619265276,0.11481156914299974,0.08142128057097868,0.12777270714103017,5.5223870277404785,1.2156844866578076,Gaussian Naive Bayes,1,0.13623595237731934,0.011536836624145508,success,,NV,12
0.13278084714548802,0.10646624349166564,0.14684630372292307,0.10646624349166564,0.07725886027128855,0.12782422747482045,5.693889617919922,1.2546488803571123,Gaussian Naive Bayes,2,0.13411307334899902,0.012648820877075195,success,,NV,12
0.14392265193370166,0.10705302212926822,0.14909607127205263,0.10705302212926822,0.07995008086936069,0.13287189855121914,5.590153217315674,1.2026702340686737,Gaussian Naive Bayes,3,0.13143301010131836,0.010255098342895508,success,,NV,12
0.13779926335174955,0.11000033275849817,0.12746621702969943,0.11000033275849817,0.08033678323444252,0.1304884439592668,5.5509114265441895,1.2141915602094593,Gaussian Naive Bayes,4,0.12250614166259766,0.014488935470581055,success,,NV,12
0.12859116022099448,0.11137596205833972,0.13811394211231995,0.11137596205833972,0.0852142062158604,0.12678983998495683,5.747927665710449,1.2816236929956677,Gaussian Naive Bayes,5,0.12532711029052734,0.011722087860107422,success,,NV,12
0.14189033654067493,0.10937439600792391,0.19711241608529353,0.10937439600792391,0.08353726659529236,0.13683438469368794,5.641626834869385,1.2282290145470163,Gaussian Naive Bayes,6,0.12045478820800781,0.010360002517700195,success,,NV,12
0.13195211786372008,0.11493888162942674,0.1372111293842058,0.11493888162942674,0.08328499986025575,0.1276380958209873,5.692185401916504,1.2698153589447334,Gaussian Naive Bayes,7,0.13150286674499512,0.004927396774291992,success,,NV,12
0.13945672191528546,0.11134453736433456,0.14727094063299687,0.11134453736433456,0.08238419085180147,0.13116243966323193,5.564990997314453,1.2058563978833883,Gaussian Naive Bayes,8,0.12966609001159668,0.006333827972412109,success,,NV,12
0.1279465930018416,0.10969586232341241,0.14743536782791267,0.10969586232341241,0.07835243337172297,0.1232418777817233,5.640766620635986,1.2634708066218543,Gaussian Naive Bayes,9,0.1304330825805664,0.013987064361572266,success,,NV,12
0.1404696132596685,0.11138569466840244,0.12179411205996189,0.11138569466840244,0.0805472492879516,0.13017094555951908,5.565521240234375,1.2029980340156459,Gaussian Naive Bayes,10,0.1338038444519043,0.013096332550048828,success,,NV,12
0.8158464159108697,0.6657358778748665,0.729664671140319,0.6657358778748665,0.6850247691716685,0.8130492071367363,1.3753145933151245,0.26321440158339926,K-Nearest Neighbours,1,0.16106486320495605,0.5006091594696045,success,,NV,12
0.8119244935543278,0.6962509456205355,0.7637896226788591,0.6962509456205355,0.7208964537403867,0.809161169901562,1.3953028917312622,0.2657458571826227,K-Nearest Neighbours,2,0.1580827236175537,0.5454320907592773,success,,NV,12
0.8119705340699815,0.6800965922487666,0.7481153484360776,0.6800965922487666,0.7007956636943065,0.8093691332720416,1.4294803142547607,0.2685930026723536,K-Nearest Neighbours,3,0.15018796920776367,0.4844481945037842,success,,NV,12
0.8193830570902394,0.6950743845133251,0.7649151407895315,0.6950743845133251,0.7192822906671873,0.8168690463060252,1.3702787160873413,0.2588692456669352,K-Nearest Neighbours,4,0.16076016426086426,0.529512882232666,success,,NV,12
0.8150092081031307,0.6857727479292588,0.7427862702753708,0.6857727479292588,0.7061884015050163,0.8120577996956372,1.420625925064087,0.26579742255977074,K-Nearest Neighbours,5,0.1522669792175293,0.5213010311126709,success,,NV,12
0.8092629252796832,0.6813193921927222,0.7308008635763347,0.6813193921927222,0.6971253514894273,0.8063137146912,1.4293839931488037,0.26917361168833737,K-Nearest Neighbours,6,0.15526390075683594,0.5134479999542236,success,,NV,12
0.8171270718232044,0.6823257975533422,0.7381329648760913,0.6823257975533422,0.7007182674200154,0.8142767898783771,1.387810230255127,0.26283241325781503,K-Nearest Neighbours,7,0.15204405784606934,0.502465009689331,success,,NV,12
0.8187845303867404,0.6872798634399757,0.7670844519353288,0.6872798634399757,0.7113889896051437,0.8161861331603765,1.3644988536834717,0.2615985274289635,K-Nearest Neighbours,8,0.15494179725646973,0.5314640998840332,success,,NV,12
0.8128453038674033,0.6993675212632797,0.7437001496093325,0.6993675212632797,0.7082623154209863,0.8102071569951669,1.452362060546875,0.2689797430351295,K-Nearest Neighbours,9,0.14690399169921875,0.5213220119476318,success,,NV,12
0.8155156537753223,0.6858486095713121,0.7431696713828723,0.6858486095713121,0.7052544956595539,0.8131952595373716,1.3925950527191162,0.2639521186137727,K-Nearest Neighbours,10,0.1594102382659912,0.5134181976318359,success,,NV,12
0.4863956539754155,0.1919375875213378,0.263193393851939,0.1919375875213378,0.19148235735663838,0.4140674740701868,1.6903319358825684,0.6657390659966574,Support Vector Machine,1,7.5308449268341064,0.027853965759277344,success,,NV,12
0.48503683241252304,0.1915428341925099,0.25655723082078324,0.1915428341925099,0.19104384834715554,0.4141270547095779,1.702419638633728,0.6686091655434256,Support Vector Machine,2,7.453649044036865,0.024859905242919922,success,,NV,12
0.4839318600368324,0.19117365656028035,0.25707803871710333,0.19117365656028035,0.19037643937697002,0.41309597953572863,1.7069581747055054,0.6676923329975364,Support Vector Machine,3,7.370964050292969,0.019958019256591797,success,,NV,12
0.48609576427255985,0.19171082994533925,0.2598027986664196,0.19171082994533925,0.19118219862594832,0.41450201518131446,1.6987357139587402,0.6680275433431444,Support Vector Machine,4,7.104737043380737,0.01917290687561035,success,,NV,12
0.48236648250460407,0.18945066788919132,0.316896024685637,0.18945066788919132,0.19083702756915985,0.4117443430726745,1.7023683786392212,0.6697503359065626,Support Vector Machine,5,7.194071054458618,0.018307209014892578,success,,NV,12
0.4826665438976106,0.1927711479246245,0.2877927208650684,0.1927711479246245,0.1941356174595252,0.41229956142127516,1.7063244581222534,0.6697215881659621,Support Vector Machine,6,7.166452884674072,0.028254032135009766,success,,NV,12
0.4846685082872928,0.1898642080831096,0.25235966723053854,0.1898642080831096,0.18901312912111326,0.413397322324918,1.7038755416870117,0.6685535844837404,Support Vector Machine,7,7.641484022140503,0.020556211471557617,success,,NV,12
0.4845303867403315,0.19020762095080038,0.2556611670478562,0.19020762095080038,0.18886846766759235,0.41302746525875983,1.6977051496505737,0.6667710862451731,Support Vector Machine,8,7.300280809402466,0.019925832748413086,success,,NV,12
0.4870626151012891,0.1896143292544133,0.24941088562291772,0.1896143292544133,0.18788326891554008,0.41451160971865414,1.6914756298065186,0.6667462692416278,Support Vector Machine,9,7.384165048599243,0.02382493019104004,success,,NV,12
0.48439226519337014,0.1921649268223271,0.26977072384779555,0.1921649268223271,0.19339486730389055,0.4135621333169097,1.7017779350280762,0.6682882947554714,Support Vector Machine,10,7.088874816894531,0.019005298614501953,success,,NV,12
0.7731688227982138,0.6361528820369818,0.7064443137307713,0.6361528820369818,0.6522334435270176,0.7665772892272275,0.6937116980552673,0.31953748114230734,Neural Network,1,10.20652985572815,0.006801128387451172,success,,NV,12
0.7714548802946593,0.6265981615779865,0.7428667935707077,0.6265981615779865,0.6464986553209712,0.7644303331353673,0.6829773187637329,0.3165632871446188,Neural Network,2,11.049287796020508,0.007437944412231445,success,,NV,12
0.7597145488029466,0.6074384244582923,0.6719598857528952,0.6074384244582923,0.614509074512404,0.7517488267215447,0.719986617565155,0.33210824911054143,Neural Network,3,6.6003258228302,0.006899118423461914,success,,NV,12
0.7639963167587477,0.599765092373343,0.6551177181630634,0.599765092373343,0.6111649240223089,0.7564217794924976,0.7185933589935303,0.33262516905152195,Neural Network,4,5.452005863189697,0.006033182144165039,success,,NV,12
0.7629373848987109,0.6013285547404349,0.6450456369909359,0.6013285547404349,0.6086401135143786,0.7554267912541169,0.715627133846283,0.33163534763381736,Neural Network,5,6.486198902130127,0.006800174713134766,success,,NV,12
0.7721559780857234,0.6409388948831346,0.6891782540048039,0.6409388948831346,0.6492425760489082,0.7650403144305201,0.6802039742469788,0.31587983109552975,Neural Network,6,11.359102964401245,0.00864410400390625,success,,NV,12
0.7745856353591161,0.6134631488892679,0.6527432887791528,0.6134631488892679,0.6221919953195846,0.76845920059936,0.6943071484565735,0.3195383881743659,Neural Network,7,8.63994288444519,0.006372213363647461,success,,NV,12
0.7660681399631676,0.6312603834065542,0.7334426506278455,0.6312603834065542,0.6519252439106253,0.758257376996585,0.694955587387085,0.3233659610449234,Neural Network,8,6.918903827667236,0.005567073822021484,success,,NV,12
0.7656537753222836,0.603469646489026,0.6611278138871283,0.603469646489026,0.6140990650538686,0.7572928806382911,0.7147677540779114,0.3291426927382998,Neural Network,9,6.282053232192993,0.005104780197143555,success,,NV,12
0.7638121546961326,0.6130824396599904,0.7100538802599047,0.6130824396599904,0.6303470567472292,0.7569069159540355,0.7084377408027649,0.32841762102007543,Neural Network,10,6.4921369552612305,0.005629062652587891,success,,NV,12
0.4702822153676166,0.4459427034779888,0.37961654188516336,0.4459427034779888,0.35668439067493535,0.5122285685433442,1.990828275680542,0.7435437594575297,Logistic Regression,1,3.1443638801574707,0.0037071704864501953,success,,NV,12
0.46348987108655615,0.43966033494825657,0.3732273391394495,0.43966033494825657,0.3532654786126082,0.5047239636990487,2.0255038738250732,0.7480653305622571,Logistic Regression,2,3.470573663711548,0.0032062530517578125,success,,NV,12
0.46703499079189686,0.4439813664226729,0.3715897985937718,0.4439813664226729,0.3539275789596236,0.5061578474632697,2.0326461791992188,0.7436335201233973,Logistic Regression,3,3.8285000324249268,0.004665851593017578,success,,NV,12
0.4634438305709024,0.44975567248212206,0.368893439735113,0.44975567248212206,0.34999588958437444,0.5035044920627129,2.02109956741333,0.7430696793805965,Logistic Regression,4,3.874851703643799,0.0053272247314453125,success,,NV,12
0.45897790055248616,0.453407640891816,0.3720217415003695,0.453407640891816,0.3516491907266854,0.5000092760810968,2.0344157218933105,0.7506212682149954,Logistic Regression,5,3.2311859130859375,0.0035462379455566406,success,,NV,12
0.45794392523364486,0.43464628112569725,0.3699806164820214,0.43464628112569725,0.3493941955415175,0.49885329979768384,2.0294296741485596,0.7481975094586181,Logistic Regression,6,3.6203789710998535,0.0039479732513427734,success,,NV,12
0.4639963167587477,0.44430179965237027,0.3692618997726383,0.44430179965237027,0.34963238726906426,0.5042461525605084,2.0302436351776123,0.7463501230183638,Logistic Regression,7,3.5879387855529785,0.0024690628051757812,success,,NV,12
0.4606353591160221,0.4382170570493914,0.3721780721218673,0.4382170570493914,0.3504193629599499,0.5030246282310319,2.0153353214263916,0.7452589433599089,Logistic Regression,8,3.7631478309631348,0.005524396896362305,success,,NV,12
0.465377532228361,0.45656047989301973,0.3760053537875663,0.45656047989301973,0.3581179993817156,0.5046780002379581,2.0093472003936768,0.7440710475319038,Logistic Regression,9,3.507390022277832,0.00500178337097168,success,,NV,12
0.4721915285451197,0.45775508017092253,0.37941914710203184,0.45775508017092253,0.3583593262542861,0.513677637350934,2.0217254161834717,0.7452157460130654,Logistic Regression,10,3.4627959728240967,0.004036903381347656,success,,NV,12
0.7047557663091017,0.5506571291068125,0.5515092322643184,0.5506571291068125,0.5508797037568862,0.7048802178177567,4.706897258758545,0.5904884673817964,Decision Tree,1,1.5887579917907715,0.0066149234771728516,success,,ANV,18
0.701427255985267,0.5687106553558907,0.5704726851539657,0.5687106553558907,0.5690376865973671,0.700956898164787,4.7599616050720215,0.5971454880294659,Decision Tree,2,1.5791981220245361,0.007392168045043945,success,,ANV,18
0.7042817679558011,0.5725912186879077,0.5769250472293929,0.5725912186879077,0.5735298797366084,0.7041084596132406,4.71445369720459,0.5914364640883978,Decision Tree,3,1.6599669456481934,0.006683826446533203,success,,ANV,18
0.7075966850828729,0.5634744976391893,0.5602582731721553,0.5634744976391893,0.5616232355343139,0.7079596685933905,4.661606311798096,0.5848066298342541,Decision Tree,4,1.5918431282043457,0.008044004440307617,success,,ANV,18
0.7062154696132596,0.5654970033845896,0.571099966611527,0.5654970033845896,0.5678278001793147,0.7063396038479324,4.683626174926758,0.5875690607734807,Decision Tree,5,1.6292970180511475,0.006718873977661133,success,,ANV,18
0.7056765342295475,0.5575594972335755,0.5524864172251256,0.5575594972335755,0.5547031328321407,0.7057542086719706,4.69221830368042,0.5886469315409051,Decision Tree,6,1.6024019718170166,0.006543874740600586,success,,ANV,18
0.7028545119705341,0.5382457835236337,0.5465511186894413,0.5382457835236337,0.5421034430253503,0.702601067514651,4.737207889556885,0.5942909760589319,Decision Tree,7,1.6379799842834473,0.006926059722900391,success,,ANV,18
0.7069981583793739,0.5643774111644494,0.5678991955297277,0.5643774111644494,0.5659266781241934,0.7070316919187903,4.671148300170898,0.5860036832412523,Decision Tree,8,1.6007881164550781,0.006395816802978516,success,,ANV,18
0.7050184162062615,0.5579396887597051,0.5549804712756382,0.5579396887597051,0.5558668364024026,0.7050195289866533,4.702710151672363,0.589963167587477,Decision Tree,9,1.6176650524139404,0.008469104766845703,success,,ANV,18
0.7081491712707182,0.5619979985445843,0.5652513138457895,0.5619979985445843,0.562956727933682,0.7083771082444092,4.652798175811768,0.5837016574585635,Decision Tree,10,1.6697509288787842,0.007817983627319336,success,,ANV,18
0.7989503245706919,0.6724781592193195,0.6681157200264868,0.6724781592193195,0.6681616804963597,0.8000267481078921,0.7391377091407776,0.30187648830447855,Random Forest,1,5.17270302772522,0.13106298446655273,success,,ANV,18
0.7942909760589318,0.6788290852762106,0.6957053364397969,0.6788290852762106,0.6808853930403209,0.7953490451995174,0.7423750162124634,0.30503562818328356,Random Forest,2,5.022408962249756,0.12932705879211426,success,,ANV,18
0.7928176795580111,0.6922221221164679,0.7120501346519408,0.6922221221164679,0.6934635747622142,0.794066230948276,0.7514649033546448,0.30620371715290956,Random Forest,3,5.213315010070801,0.15389490127563477,success,,ANV,18
0.7975598526703499,0.6893333463744249,0.6839662983248909,0.6893333463744249,0.6823456057583827,0.798897066868486,0.7224476933479309,0.3006932455398855,Random Forest,4,5.522439002990723,0.14829587936401367,success,,ANV,18
0.7924033149171271,0.6862378444100284,0.7127502644075614,0.6862378444100284,0.6900043049707849,0.7940820156022363,0.7524374723434448,0.3058816330295213,Random Forest,5,5.573848009109497,0.153641939163208,success,,ANV,18
0.7939781778002855,0.672751285230236,0.6760758330991885,0.672751285230236,0.6686240323093646,0.7951660627849482,0.7456795573234558,0.3066228321822826,Random Forest,6,5.943743944168091,0.13962483406066895,success,,ANV,18
0.796731123388582,0.6693104686641579,0.6653694776398918,0.6693104686641579,0.6648180695504337,0.7979205813302589,0.7460323572158813,0.302744939738798,Random Forest,7,5.73893404006958,0.14452219009399414,success,,ANV,18
0.7969613259668509,0.6872206679004634,0.7070371001219907,0.6872206679004634,0.6889458530326,0.798528771643419,0.7310265898704529,0.3028812595369179,Random Forest,8,5.877787113189697,0.1505417823791504,success,,ANV,18
0.790147329650092,0.7030013750957653,0.6793879909836488,0.7030013750957653,0.6871092849843791,0.7914630505229068,0.7486338019371033,0.3069458206696805,Random Forest,9,5.99437403678894,0.12436699867248535,success,,ANV,18
0.7976058931860037,0.6751274466794556,0.6645820169028296,0.6751274466794556,0.6677134401376982,0.799111760361918,0.730403482913971,0.30093744843503467,Random Forest,10,6.010065793991089,0.15424299240112305,success,,ANV,18
0.1126099166705032,0.10930704596421674,0.11041398179640655,0.10930704596421674,0.07070625330729341,0.12346649608293057,8.036288261413574,1.5883364042595858,Gaussian Naive Bayes,1,0.17500996589660645,0.02126789093017578,success,,ANV,18
0.11215469613259668,0.11655466507831695,0.11423624176021914,0.11655466507831695,0.07278180845924995,0.12253209642964304,8.531342506408691,1.606516329053947,Gaussian Naive Bayes,2,0.16058707237243652,0.016891002655029297,success,,ANV,18
0.11068139963167588,0.11033381162912274,0.11189314020050223,0.11033381162912274,0.0728615078592211,0.12150321276515227,8.032743453979492,1.5824566180381503,Gaussian Naive Bayes,3,0.16400718688964844,0.019320249557495117,success,,ANV,18
0.11187845303867404,0.1195011632552937,0.11035240470945028,0.1195011632552937,0.07235684131569711,0.12352213143463824,7.931962013244629,1.5778000024867116,Gaussian Naive Bayes,4,0.18638110160827637,0.023164749145507812,success,,ANV,18
0.10860957642725598,0.10477151412516586,0.10884556354112458,0.10477151412516586,0.07127825045335845,0.11959656893310401,8.13896369934082,1.5954924480782033,Gaussian Naive Bayes,5,0.1734027862548828,0.015942096710205078,success,,ANV,18
0.11067630403756733,0.10303655906099174,0.12191469657329873,0.10303655906099174,0.07147789587762014,0.12345609730032563,8.731549263000488,1.6109318855018842,Gaussian Naive Bayes,6,0.17896819114685059,0.021869897842407227,success,,ANV,18
0.11146408839779005,0.11677711329609919,0.1092137146236742,0.11677711329609919,0.07003151992312322,0.1225774952374078,8.0973539352417,1.5888826104814402,Gaussian Naive Bayes,7,0.16905999183654785,0.011051177978515625,success,,ANV,18
0.1108195211786372,0.10572573403242747,0.11183592575395178,0.10572573403242747,0.07132771530955315,0.12167651139216816,7.9190449714660645,1.576212665482067,Gaussian Naive Bayes,8,0.16922402381896973,0.017367124557495117,success,,ANV,18
0.1124769797421731,0.11144183717867144,0.11295340013916667,0.11144183717867144,0.07488003523305153,0.12349256117721594,7.901907920837402,1.5807027228331205,Gaussian Naive Bayes,9,0.15523290634155273,0.017129898071289062,success,,ANV,18
0.11174033149171271,0.11793886812088529,0.1063801478948538,0.11793886812088529,0.07050879667728234,0.1218857998385657,8.048700332641602,1.5845171991670186,Gaussian Naive Bayes,10,0.17044305801391602,0.01903986930847168,success,,ANV,18
0.7742277059067262,0.613893465747556,0.6885935998749393,0.613893465747556,0.640317843584928,0.7707817923871996,1.7843842506408691,0.3142138955476321,K-Nearest Neighbours,1,0.17111992835998535,2.1226868629455566,success,,ANV,18
0.7730202578268877,0.6267556853547669,0.7373088385381783,0.6267556853547669,0.6622750986852673,0.7692082069908327,1.8226994276046753,0.3176132608320064,K-Nearest Neighbours,2,0.17628097534179688,0.48101210594177246,success,,ANV,18
0.773756906077348,0.6402272812843564,0.706688451762294,0.6402272812843564,0.663094559003573,0.7704172398852666,1.841289758682251,0.31928176915777334,K-Nearest Neighbours,3,0.16666483879089355,0.44841718673706055,success,,ANV,18
0.7780847145488029,0.6354163061187436,0.7075429037925502,0.6354163061187436,0.6585420410567919,0.7749159164685774,1.7780983448028564,0.3130386750463185,K-Nearest Neighbours,4,0.16043591499328613,0.49390602111816406,success,,ANV,18
0.7749539594843462,0.6307519421883981,0.7298449926901451,0.6307519421883981,0.6578436177234984,0.7715147249118803,1.847422480583191,0.3165303879176605,K-Nearest Neighbours,5,0.17204833030700684,0.5116987228393555,success,,ANV,18
0.7735831683624143,0.6188914378087743,0.7326216794454864,0.6188914378087743,0.6484826249219492,0.769858624078915,1.8378851413726807,0.3187256583528765,K-Nearest Neighbours,6,0.16771793365478516,0.5209650993347168,success,,ANV,18
0.7778084714548803,0.6132761942118116,0.6809475373704943,0.6132761942118116,0.6372167840413345,0.774265958221425,1.7576276063919067,0.31092449459587246,K-Nearest Neighbours,7,0.16629409790039062,0.4633190631866455,success,,ANV,18
0.7781767955801105,0.6296107172538503,0.7152054924529865,0.6296107172538503,0.6561014231897614,0.7749509324462395,1.7792094945907593,0.312173113389349,K-Nearest Neighbours,8,0.17051315307617188,0.45328211784362793,success,,ANV,18
0.7708103130755064,0.6470138276285315,0.6965099409469456,0.6470138276285315,0.6601932513346236,0.7673601625409967,1.8747807741165161,0.32232780972770797,K-Nearest Neighbours,9,0.16988801956176758,0.5033888816833496,success,,ANV,18
0.7745395948434622,0.6171818292590343,0.6808235377396421,0.6171818292590343,0.6407977828749003,0.7714172314483784,1.8003729581832886,0.31538121659787555,K-Nearest Neighbours,10,0.1605370044708252,0.42932987213134766,success,,ANV,18
0.5617605082638921,0.27835276965302613,0.3599847828989317,0.27835276965302613,0.2859015738829551,0.5073675637730769,1.445143222808838,0.5881810768610953,Support Vector Machine,1,16.6982159614563,0.021542072296142578,success,,ANV,18
0.56146408839779,0.2834710299662848,0.3757268331824671,0.2834710299662848,0.293897117306909,0.5098816661783956,1.4509824514389038,0.5910489285166858,Support Vector Machine,2,16.807059049606323,0.020813941955566406,success,,ANV,18
0.5654696132596685,0.28804525324609626,0.37287614433297095,0.28804525324609626,0.29635120741230553,0.5139126646888958,1.4546619653701782,0.5889854164479892,Support Vector Machine,3,16.334288120269775,0.023640871047973633,success,,ANV,18
0.5646869244935543,0.2851974999582147,0.3832429597987109,0.2851974999582147,0.29436763349090184,0.5123309189188433,1.4507172107696533,0.5898687590839581,Support Vector Machine,4,16.956411838531494,0.01888298988342285,success,,ANV,18
0.5625690607734807,0.28503625494011803,0.378276758834221,0.28503625494011803,0.296288820840574,0.5118131903821337,1.4601080417633057,0.5917866710654973,Support Vector Machine,5,17.06434988975525,0.02232193946838379,success,,ANV,18
0.5605174715712905,0.28124343015007264,0.36419480251666636,0.28124343015007264,0.2911992498254027,0.509699601965078,1.4524744749069214,0.5911891828197815,Support Vector Machine,6,18.461003065109253,0.017197132110595703,success,,ANV,18
0.5601749539594844,0.2825815088634832,0.39581532810218895,0.2825815088634832,0.294116661120518,0.5075480891192032,1.4557268619537354,0.5908741338304587,Support Vector Machine,7,19.68593692779541,0.024421215057373047,success,,ANV,18
0.5634898710865561,0.2853843242830342,0.3648154727287897,0.2853843242830342,0.29352604503239016,0.511129906499634,1.4524041414260864,0.5910677326548469,Support Vector Machine,8,20.209346055984497,0.021643877029418945,success,,ANV,18
0.5677716390423573,0.2879452344308217,0.3837409582603833,0.2879452344308217,0.29672249404221107,0.5152636728844843,1.445796012878418,0.5873197044922022,Support Vector Machine,9,16.68583035469055,0.021597862243652344,success,,ANV,18
0.5610036832412523,0.28180321473123776,0.375988160908207,0.28180321473123776,0.2912944720412339,0.5083791420008489,1.4565538167953491,0.5897755456762866,Support Vector Machine,10,17.749662160873413,0.027820110321044922,success,,ANV,18
0.7195340914322546,0.5435102812973849,0.6043608877678368,0.5435102812973849,0.5612475389596683,0.7079574100381798,0.8408670425415039,0.38457521344896833,Neural Network,1,2.5991249084472656,0.007378101348876953,success,,ANV,18
0.773158379373849,0.6249817354509938,0.7409656635801982,0.6249817354509938,0.6430665767266425,0.7664059046751368,0.6735134124755859,0.31675767557229095,Neural Network,2,12.056594133377075,0.005853891372680664,success,,ANV,18
0.7620165745856353,0.6208099771025998,0.6755886027589454,0.6208099771025998,0.6296375123162165,0.7554851964738688,0.6982554197311401,0.32865790094036246,Neural Network,3,9.14571499824524,0.0069849491119384766,success,,ANV,18
0.757780847145488,0.6156124703136303,0.6787675999051068,0.6156124703136303,0.6281430510811604,0.7498925374421496,0.7200742959976196,0.3373017895419277,Neural Network,4,5.520302057266235,0.008921146392822266,success,,ANV,18
0.7747697974217311,0.6601740968373623,0.7092600977346951,0.6601740968373623,0.6677642117460629,0.7687777369625327,0.6610776782035828,0.3116791222919132,Neural Network,5,14.937191009521484,0.0061609745025634766,success,,ANV,18
0.7578840753188159,0.626771741681827,0.7015624754495564,0.626771741681827,0.6390490273827737,0.7507622897968304,0.7116489410400391,0.3355569050135617,Neural Network,6,7.541546106338501,0.0065250396728515625,success,,ANV,18
0.7645027624309392,0.6251695918696436,0.7204142536818022,0.6251695918696436,0.6416436940765107,0.757681633689173,0.6974238753318787,0.32925257194786456,Neural Network,7,7.938988924026489,0.007208108901977539,success,,ANV,18
0.7705801104972375,0.6403418085422874,0.7035249253001346,0.6403418085422874,0.6507394439967008,0.7630071807454621,0.6700264811515808,0.3184770599273035,Neural Network,8,9.255089282989502,0.0063250064849853516,success,,ANV,18
0.6995395948434623,0.5100940617704527,0.5705200671134051,0.5100940617704527,0.5263854823701275,0.6832899523386904,0.9211998581886292,0.41508678868438165,Neural Network,9,1.6744019985198975,0.007729053497314453,success,,ANV,18
0.7716850828729281,0.6317745881924021,0.6751296892663515,0.6317745881924021,0.6387103354867589,0.7638537413357503,0.6676657199859619,0.31548357213220085,Neural Network,10,11.554725885391235,0.00877690315246582,success,,ANV,18
0.5528290594355693,0.5239605542636709,0.4484594549850177,0.5239605542636709,0.43334294334134593,0.5862115540292447,1.7615199089050293,0.682126672222792,Logistic Regression,1,5.972585916519165,0.003734111785888672,success,,ANV,18
0.5476058931860037,0.5537860583916911,0.4546889749537259,0.5537860583916911,0.4378707832431119,0.5845461312393222,1.784162998199463,0.6868313471147971,Logistic Regression,2,5.711857080459595,0.004887819290161133,success,,ANV,18
0.5513351749539595,0.5575312964493326,0.45255747891140247,0.5575312964493326,0.43837975121293754,0.5861357155765573,1.7942756414413452,0.6846203607690031,Logistic Regression,3,5.7849671840667725,0.004230976104736328,success,,ANV,18
0.5417127071823205,0.540075555106789,0.4541396390321985,0.540075555106789,0.4375861022652253,0.5791371937221895,1.7822374105453491,0.683758139187991,Logistic Regression,4,5.705326080322266,0.004907846450805664,success,,ANV,18
0.54304788213628,0.5519739709377053,0.44856786530227555,0.5519739709377053,0.4340148915310297,0.5796161451420632,1.8073538541793823,0.6899306977540791,Logistic Regression,5,5.314947843551636,0.0035800933837890625,success,,ANV,18
0.5406288844896644,0.5333182890447355,0.44865052170949005,0.5333182890447355,0.43276370685102394,0.5765010160928021,1.7919679880142212,0.6871034650049771,Logistic Regression,6,5.141449213027954,0.0038957595825195312,success,,ANV,18
0.5499079189686924,0.5515841395988501,0.45532652328613427,0.5515841395988501,0.4379448907710266,0.5858749467838928,1.788022756576538,0.6854085174483674,Logistic Regression,7,5.142464876174927,0.004284858703613281,success,,ANV,18
0.5540515653775322,0.5518670708755041,0.45790507662590246,0.5518670708755041,0.44238486158679646,0.5894783076481217,1.780432939529419,0.6852862245703641,Logistic Regression,8,5.2839741706848145,0.0032939910888671875,success,,ANV,18
0.5384898710865562,0.5480102287991959,0.4476597819511293,0.5480102287991959,0.43271066697923094,0.5750800773544523,1.7805883884429932,0.6841732470147018,Logistic Regression,9,5.170958042144775,0.004624128341674805,success,,ANV,18
0.5487108655616942,0.5484383036865953,0.45162199970031863,0.5484383036865953,0.4371785314090452,0.5854338667140104,1.7926651239395142,0.6874714009986945,Logistic Regression,10,5.5487329959869385,0.004393815994262695,success,,ANV,18
0.7025459233000322,0.5479053145593156,0.5492393883895488,0.5479053145593156,0.548266569709801,0.7027984842862951,4.742127418518066,0.5949081533999355,Decision Tree,1,1.5744361877441406,0.006643056869506836,success,,WMRV,18
0.7000460405156538,0.5571376543510873,0.5572053173666156,0.5571376543510873,0.5569847678182246,0.6996440032513803,4.781981468200684,0.5999079189686924,Decision Tree,2,1.5337679386138916,0.007157087326049805,success,,WMRV,18
0.6976519337016575,0.5664221878175835,0.5733865588620413,0.5664221878175835,0.5677883378973995,0.697485821201751,4.8201494216918945,0.6046961325966851,Decision Tree,3,1.561873197555542,0.005216121673583984,success,,WMRV,18
0.7055709023941068,0.5519834861599511,0.5531498588597171,0.5519834861599511,0.5524217790276506,0.7054128437323346,4.693902015686035,0.5888581952117864,Decision Tree,4,1.5926251411437988,0.006819963455200195,success,,WMRV,18
0.6998618784530387,0.5683908255285648,0.5811675369871475,0.5683908255285648,0.5726872522407102,0.7002045498856287,4.78491735458374,0.6002762430939227,Decision Tree,5,1.5350592136383057,0.0062618255615234375,success,,WMRV,18
0.6986326596381383,0.5580519740702709,0.5583100885817411,0.5580519740702709,0.5577461341429734,0.6986455810911483,4.804513931274414,0.6027346807237236,Decision Tree,6,1.546123743057251,0.007300138473510742,success,,WMRV,18
0.7033149171270718,0.5530339821059798,0.5626419050263721,0.5530339821059798,0.5574032903103522,0.7030387037623819,4.729867935180664,0.5933701657458563,Decision Tree,7,1.6032710075378418,0.006222963333129883,success,,WMRV,18
0.7018876611418048,0.5581482201351521,0.5761448042150178,0.5581482201351521,0.5635313940575393,0.7019813062526522,4.752621650695801,0.5962246777163904,Decision Tree,8,1.5794730186462402,0.005789041519165039,success,,WMRV,18
0.6987108655616943,0.576464267663415,0.5638844508623905,0.576464267663415,0.5679596823350948,0.6984655207655625,4.803267478942871,0.6025782688766114,Decision Tree,9,1.5608289241790771,0.007523059844970703,success,,WMRV,18
0.6997697974217312,0.543329666470768,0.5511012796501668,0.543329666470768,0.5468544584211986,0.69948357151601,4.786385536193848,0.6004604051565378,Decision Tree,10,2.0587239265441895,0.0070209503173828125,success,,WMRV,18
0.7839878458634502,0.6486836025370217,0.6448440430720873,0.6486836025370217,0.6437507614029112,0.7859180008745759,0.7706831097602844,0.31200116632543234,Random Forest,1,4.845104932785034,0.13195228576660156,success,,WMRV,18
0.7843001841620626,0.6622990928620338,0.6642485329239054,0.6622990928620338,0.6595777255974127,0.786168497125823,0.7789287567138672,0.31365556079455853,Random Forest,2,4.832369804382324,0.13026714324951172,success,,WMRV,18
0.7802946593001842,0.6690159114086635,0.6687667787469984,0.6690159114086635,0.6650090455956233,0.7822456507161573,0.787864089012146,0.3153611552145701,Random Forest,3,4.870173931121826,0.13282299041748047,success,,WMRV,18
0.7857734806629835,0.6726694244552629,0.6998768131093087,0.6726694244552629,0.6686887776861905,0.788070351458866,0.770550012588501,0.3095975098419937,Random Forest,4,4.899420976638794,0.1269969940185547,success,,WMRV,18
0.7789594843462246,0.6819197733579245,0.6948183928828432,0.6819197733579245,0.682293201486005,0.7813409116270227,0.7894276976585388,0.3164123266135382,Random Forest,5,4.94602108001709,0.12860393524169922,success,,WMRV,18
0.7781409695686202,0.6633515521941731,0.6610774482573152,0.6633515521941731,0.6570087640115453,0.7803881410335936,0.787907600402832,0.31611723536189745,Random Forest,6,5.012801885604858,0.13054513931274414,success,,WMRV,18
0.7851289134438306,0.6655472280934768,0.6591509415972606,0.6655472280934768,0.6596880742655685,0.7869091388902894,0.7796417474746704,0.3122807603432408,Random Forest,7,5.024045944213867,0.13764119148254395,success,,WMRV,18
0.7848526703499079,0.6761749934537243,0.6677137314637619,0.6761749934537243,0.6687453080964386,0.7875644135493474,0.7613135576248169,0.31045732056994124,Random Forest,8,5.0584399700164795,0.12822723388671875,success,,WMRV,18
0.7778084714548803,0.6899322672242091,0.6769186003463659,0.6899322672242091,0.6799209895591165,0.7800417986139091,0.7927317023277283,0.31672395867625536,Random Forest,9,5.127507925033569,0.1288623809814453,success,,WMRV,18
0.7851289134438306,0.6579674678117803,0.6560710420275663,0.6579674678117803,0.6527457072722795,0.7873757284503451,0.778272807598114,0.3115734212933442,Random Forest,10,5.086967945098877,0.12878894805908203,success,,WMRV,18
0.11983794484600156,0.11491096221382363,0.13117355540020986,0.11491096221382363,0.07797340822557328,0.1380257569154259,7.771129608154297,1.5323154420300056,Gaussian Naive Bayes,1,0.1551499366760254,0.010118961334228516,success,,WMRV,18
0.11689686924493554,0.11343172188710207,0.12026924018541893,0.11343172188710207,0.07745555440371472,0.13313843109433954,8.253363609313965,1.5709634739748117,Gaussian Naive Bayes,2,0.17349004745483398,0.0159909725189209,success,,WMRV,18
0.1171731123388582,0.1020822105568022,0.11874205343505491,0.1020822105568022,0.07107294061314727,0.13440320668676936,7.873461723327637,1.542044230355341,Gaussian Naive Bayes,3,0.17060613632202148,0.014857053756713867,success,,WMRV,18
0.11657458563535912,0.10863440336568878,0.12934345031119757,0.10863440336568878,0.07243852123927326,0.13387174927026668,7.789932727813721,1.5359686377754853,Gaussian Naive Bayes,4,0.16624903678894043,0.011831045150756836,success,,WMRV,18
0.11602209944751381,0.11169445329735526,0.12306057099256086,0.11169445329735526,0.07826343139087105,0.13305807535551756,7.929997444152832,1.549246262978737,Gaussian Naive Bayes,5,0.17702698707580566,0.011955022811889648,success,,WMRV,18
0.1184107545693108,0.10647244182962136,0.12249546972976398,0.10647244182962136,0.07530807498359961,0.13725119099510338,8.393205642700195,1.5754427022754656,Gaussian Naive Bayes,6,0.16524720191955566,0.012694835662841797,success,,WMRV,18
0.11818600368324125,0.1127544777301127,0.11965405486610224,0.1127544777301127,0.07545685778164643,0.13548306918612404,7.923299312591553,1.5502281125771913,Gaussian Naive Bayes,7,0.150986909866333,0.011625051498413086,success,,WMRV,18
0.11551565377532229,0.10997032992937716,0.12254715882959556,0.10997032992937716,0.07487067642831546,0.1318275082629943,7.772588729858398,1.5325319407991358,Gaussian Naive Bayes,8,0.15329718589782715,0.015901803970336914,success,,WMRV,18
0.12104051565377533,0.11774322383716973,0.12124634558928234,0.11774322383716973,0.08060858258123055,0.1383242134912262,7.681024074554443,1.5255908390950708,Gaussian Naive Bayes,9,0.1620171070098877,0.01826190948486328,success,,WMRV,18
0.11625230202578268,0.11091180058158792,0.11775453448307394,0.11091180058158792,0.07290168457217178,0.13218749501292065,7.846850395202637,1.5374204685883592,Gaussian Naive Bayes,10,0.1707139015197754,0.018800020217895508,success,,WMRV,18
0.768334791215874,0.6139921552441873,0.69702484476571,0.6139921552441873,0.6421837917510559,0.7651339857888172,1.9062567949295044,0.32563510093256065,K-Nearest Neighbours,1,0.16910719871520996,0.42898011207580566,success,,WMRV,18
0.763121546961326,0.6137106595909169,0.6800266227136544,0.6137106595909169,0.6354102635025589,0.7593978028893988,1.9305119514465332,0.33018416337298434,K-Nearest Neighbours,2,0.17077088356018066,0.43405580520629883,success,,WMRV,18
0.7624309392265194,0.6325363359409482,0.7092335565597491,0.6325363359409482,0.6592561774698401,0.7592345708245964,1.961988925933838,0.32987108787092945,K-Nearest Neighbours,3,0.15515494346618652,0.44240474700927734,success,,WMRV,18
0.7691528545119706,0.6197581416970245,0.6904112710969903,0.6197581416970245,0.6440402369807453,0.765752127028726,1.9084126949310303,0.32598526823860957,K-Nearest Neighbours,4,0.17267608642578125,0.4273519515991211,success,,WMRV,18
0.7635359116022099,0.6272953229589104,0.6900407787517933,0.6272953229589104,0.6452858187371582,0.7602369263229677,1.990954875946045,0.33060036963564704,K-Nearest Neighbours,5,0.16783690452575684,0.45433807373046875,success,,WMRV,18
0.7644675659500023,0.6170783807432337,0.6720501394587096,0.6170783807432337,0.6356598358894925,0.7606888151447679,1.9780532121658325,0.33095713955334927,K-Nearest Neighbours,6,0.15270400047302246,0.44553709030151367,success,,WMRV,18
0.7674493554327808,0.5961441458916434,0.6647083550631677,0.5961441458916434,0.620036608856346,0.76393900910924,1.9092402458190918,0.3259447525468541,K-Nearest Neighbours,7,0.17075896263122559,0.45791196823120117,success,,WMRV,18
0.7689226519337017,0.6193105269218202,0.6968461622676735,0.6193105269218202,0.6451627632379099,0.7657501081763803,1.8778342008590698,0.3229502773686119,K-Nearest Neighbours,8,0.17059087753295898,0.43076515197753906,success,,WMRV,18
0.7600368324125231,0.6335537516658871,0.6812039930711828,0.6335537516658871,0.6485382760062981,0.7565605374810761,1.9845149517059326,0.3339963181336063,K-Nearest Neighbours,9,0.15268802642822266,0.42685389518737793,success,,WMRV,18
0.7669429097605893,0.6144335823586125,0.6816316493330321,0.6144335823586125,0.6371174219948357,0.7641667310324377,1.9328988790512085,0.32779742289489594,K-Nearest Neighbours,10,0.17174220085144043,0.43828296661376953,success,,WMRV,18
0.5235946779614198,0.23722463582220424,0.31070348198618014,0.23722463582220424,0.23861911221171575,0.4619925832120709,1.5533603429794312,0.6280778428080375,Support Vector Machine,1,14.396103143692017,0.020328760147094727,success,,WMRV,18
0.5227440147329651,0.23975510960967536,0.31379021675454105,0.23975510960967536,0.2418821256171432,0.4622284318162729,1.5608888864517212,0.6306624046302384,Support Vector Machine,2,14.492606163024902,0.018886804580688477,success,,WMRV,18
0.5242633517495396,0.243512054447957,0.311862317860943,0.243512054447957,0.2441647290339427,0.4644955221199938,1.565147876739502,0.6281215892367918,Support Vector Machine,3,14.620280027389526,0.018518924713134766,success,,WMRV,18
0.5239871086556169,0.24119160667921113,0.31284344205093734,0.24119160667921113,0.24262060868477148,0.46322311778882186,1.5618230104446411,0.6300153862260314,Support Vector Machine,4,14.235791683197021,0.016303300857543945,success,,WMRV,18
0.52048802946593,0.23945945164155788,0.3093368743591795,0.23945945164155788,0.2421298137201723,0.4607020612133239,1.5767542123794556,0.6318951205672086,Support Vector Machine,5,14.0525221824646,0.02218794822692871,success,,WMRV,18
0.5205101054279269,0.2388795893517596,0.31467057379166813,0.2388795893517596,0.24011190226820253,0.4602377072794807,1.568388819694519,0.6311076772429804,Support Vector Machine,6,14.052956104278564,0.02142810821533203,success,,WMRV,18
0.5212246777163905,0.23699755493818478,0.29905204937940005,0.23699755493818478,0.23812505359298286,0.4597423709656847,1.5661393404006958,0.6315151265053115,Support Vector Machine,7,14.756927013397217,0.01815509796142578,success,,WMRV,18
0.5252762430939226,0.24073710725444908,0.3137814020306226,0.24073710725444908,0.24252948488389572,0.46503017148701997,1.5582667589187622,0.6291070132000001,Support Vector Machine,8,14.41759204864502,0.023166894912719727,success,,WMRV,18
0.5247237569060773,0.2412503092023482,0.3110100521402652,0.2412503092023482,0.24301150681715833,0.4646048968472152,1.5571616888046265,0.6273586718645537,Support Vector Machine,9,13.850942134857178,0.020108938217163086,success,,WMRV,18
0.5221915285451197,0.2409488884987881,0.3110696490276126,0.2409488884987881,0.2425364541198612,0.46180387637769077,1.5672909021377563,0.6298393498266173,Support Vector Machine,10,14.052352666854858,0.018351078033447266,success,,WMRV,18
0.7037889599926339,0.5239746856390529,0.5699389561990598,0.5239746856390529,0.5380500043377844,0.6898495608319637,0.8834705352783203,0.408268770760816,Neural Network,1,5.799926042556763,0.007101774215698242,success,,WMRV,18
0.7445211786372007,0.5781416167920054,0.6363450040949782,0.5781416167920054,0.5876001265893912,0.7359781516923712,0.7621276378631592,0.3558910545710736,Neural Network,2,16.69003391265869,0.006811857223510742,success,,WMRV,18
0.7401473296500921,0.5904169456920989,0.6492367233946992,0.5904169456920989,0.6024116552548626,0.7324102409975676,0.7833020687103271,0.3633964556082842,Neural Network,3,13.222110986709595,0.006971836090087891,success,,WMRV,18
0.7473296500920811,0.5951665120246296,0.6801536310189311,0.5951665120246296,0.6096403700046785,0.7395993399644254,0.755521833896637,0.3538542438010643,Neural Network,4,16.547075271606445,0.0067708492279052734,success,,WMRV,18
0.7282228360957643,0.5629241632472257,0.6555321989933036,0.5629241632472257,0.5766781718525027,0.7181606968885789,0.8112450242042542,0.37708647177033877,Neural Network,5,9.456811904907227,0.005892038345336914,success,,WMRV,18
0.7192118226600985,0.5615865787883081,0.6280005745426145,0.5615865787883081,0.5750824948400802,0.7064820103887923,0.8222380876541138,0.38349188180240845,Neural Network,6,10.346862077713013,0.006443977355957031,success,,WMRV,18
0.7416666666666667,0.5814864725008171,0.621004991009644,0.5814864725008171,0.5878070158148685,0.7325570812172583,0.7623687386512756,0.3580699546253559,Neural Network,7,14.133604764938354,0.006981849670410156,success,,WMRV,18
0.7215930018416207,0.5509562631420183,0.6204083525037758,0.5509562631420183,0.5623577949342125,0.7109684642858405,0.8159420490264893,0.3813606788597451,Neural Network,8,8.78141188621521,0.00608515739440918,success,,WMRV,18
0.7229742173112339,0.5738861187492434,0.6860823907840509,0.5738861187492434,0.5926057834469187,0.713027088874208,0.826501727104187,0.3841219094357533,Neural Network,9,8.438579082489014,0.005658149719238281,success,,WMRV,18
0.7246777163904236,0.546819600417875,0.6048007111880107,0.546819600417875,0.5586045679101705,0.7158828602707963,0.8175250887870789,0.38106590132560253,Neural Network,10,9.226113080978394,0.006438016891479492,success,,WMRV,18
0.4971686386446296,0.47217923538186307,0.4113484919795541,0.47217923538186307,0.3806928176234592,0.5310795126914885,1.8906995058059692,0.7231396104032161,Logistic Regression,1,6.270587921142578,0.00363922119140625,success,,WMRV,18
0.48793738489871086,0.4761722727875009,0.40748489434950663,0.4761722727875009,0.37940286644914495,0.52398013492382,1.9115649461746216,0.7272810607368848,Logistic Regression,2,6.436311721801758,0.0033111572265625,success,,WMRV,18
0.4985267034990792,0.48563968525971346,0.4178594955351976,0.48563968525971346,0.388567023388109,0.5316673608592022,1.9196834564208984,0.723449550852805,Logistic Regression,3,6.0916993618011475,0.004297971725463867,success,,WMRV,18
0.4830570902394107,0.47153975018706545,0.41235267006933213,0.47153975018706545,0.3781323738779254,0.5184965041278752,1.9101848602294922,0.7256763024720869,Logistic Regression,4,5.81779932975769,0.004257678985595703,success,,WMRV,18
0.48687845303867405,0.47367328329966835,0.40324910308154704,0.47367328329966835,0.3757035452202855,0.5218859364943553,1.9430500268936157,0.7318990558472964,Logistic Regression,5,5.60240912437439,0.0031690597534179688,success,,WMRV,18
0.4756226693062014,0.4734984599349379,0.4056722974739546,0.4734984599349379,0.37286685654824936,0.5123394221665674,1.9253357648849487,0.7287863553972016,Logistic Regression,6,6.126215934753418,0.0036668777465820312,success,,WMRV,18
0.49498158379373847,0.4843658410808689,0.4123765695770079,0.4843658410808689,0.38077795026957145,0.5288320063290077,1.9134166240692139,0.72635565077645,Logistic Regression,7,5.667910099029541,0.00437617301940918,success,,WMRV,18
0.4985267034990792,0.49461008483557106,0.41654436092154784,0.49461008483557106,0.38937686671150784,0.5313998735630239,1.903578758239746,0.7233129087410383,Logistic Regression,8,5.54293417930603,0.005337953567504883,success,,WMRV,18
0.49060773480662984,0.47894362272014,0.4110258376830516,0.47894362272014,0.38223049367024947,0.5255803772518554,1.910826325416565,0.7257184970842007,Logistic Regression,9,6.532608985900879,0.0057408809661865234,success,,WMRV,18
0.4938766114180479,0.4501591838599764,0.4075247312389014,0.4501591838599764,0.3782299041613492,0.5295333834121994,1.919600009918213,0.7259140028554839,Logistic Regression,10,6.1462929248809814,0.004590749740600586,success,,WMRV,18
0.9018461396804935,0.814894641587647,0.8358993890644728,0.814894641587647,0.820619501327624,0.9016840349484274,1.5648068189620972,0.19630772063901294,Decision Tree,1,11.733707904815674,0.018724918365478516,success,,KMNV,192
0.9008287292817679,0.8237434813631633,0.8299320064125025,0.8237434813631633,0.8260851971955633,0.900730549896355,1.5810267925262451,0.1983425414364641,Decision Tree,2,11.548014879226685,0.018686771392822266,success,,KMNV,192
0.901657458563536,0.827740107609397,0.8402814678127779,0.827740107609397,0.8319638654284612,0.9014891769419245,1.567814826965332,0.19668508287292819,Decision Tree,3,11.440276861190796,0.017839908599853516,success,,KMNV,192
0.9030386740331492,0.8227196204420746,0.8295145690311955,0.8227196204420746,0.8254772555335355,0.9031113180108318,1.5457950830459595,0.19392265193370165,Decision Tree,4,11.520620107650757,0.014635562896728516,success,,KMNV,192
0.8993554327808472,0.7961093269623142,0.8020059342823143,0.7961093269623142,0.7988388618937003,0.8992325080877385,1.604514479637146,0.2012891344383057,Decision Tree,5,11.179793119430542,0.016792774200439453,success,,KMNV,192
0.8989457207310897,0.7961112658554277,0.8555550828825428,0.7961112658554277,0.8091531953923502,0.8986300357297347,1.6110464334487915,0.20210855853782053,Decision Tree,6,11.50588583946228,0.01921820640563965,success,,KMNV,192
0.900414364640884,0.8135385935865326,0.828570965598993,0.8135385935865326,0.818954566097681,0.9004312424301695,1.5876327753067017,0.19917127071823204,Decision Tree,7,11.68664813041687,0.018973827362060547,success,,KMNV,192
0.9046961325966851,0.8255036348329327,0.8228716026716093,0.8255036348329327,0.8231537732901327,0.9045205806802469,1.5193711519241333,0.19060773480662985,Decision Tree,8,11.259795904159546,0.015893936157226562,success,,KMNV,192
0.8994475138121547,0.8304134919245303,0.8144159087051837,0.8304134919245303,0.8203448413573537,0.8994465956136983,1.6030465364456177,0.2011049723756906,Decision Tree,9,11.515679121017456,0.018892765045166016,success,,KMNV,192
0.9035451197053407,0.815844168987254,0.8145421843896326,0.815844168987254,0.8137874601045043,0.9035527984509538,1.537721037864685,0.1929097605893186,Decision Tree,10,11.65195083618164,0.020391225814819336,success,,KMNV,192
0.9650568574190875,0.9139434399660363,0.9657588722594624,0.9139434399660363,0.9300294444870842,0.9650875537924746,0.2430429458618164,0.09270558563923006,Random Forest,1,11.196800947189331,0.1365511417388916,success,,KMNV,192
0.9637661141804789,0.9368831737033873,0.9664525036958166,0.9368831737033873,0.9480831491573817,0.9637840157659495,0.24721036851406097,0.09490482514307905,Random Forest,2,11.10442304611206,0.10825085639953613,success,,KMNV,192
0.9643646408839779,0.9263598874090814,0.9668431086879203,0.9263598874090814,0.9426827823463665,0.9644184862242712,0.25017812848091125,0.09709454879488037,Random Forest,3,11.603395223617554,0.13245177268981934,success,,KMNV,192
0.9651473296500921,0.9252966135505611,0.966252639076294,0.9252966135505611,0.9416326947649057,0.9652144676457657,0.24336108565330505,0.09293635159635226,Random Forest,4,11.782196044921875,0.11800193786621094,success,,KMNV,192
0.9619705340699816,0.934781205823349,0.9635455854457625,0.934781205823349,0.9465253889446995,0.9619964442639617,0.2490331530570984,0.09648050136846963,Random Forest,5,11.678460836410522,0.11883425712585449,success,,KMNV,192
0.9628930528060402,0.9166152540945537,0.9647353683526907,0.9166152540945537,0.9344196208626884,0.9629414215639546,0.24790605902671814,0.09579996013867333,Random Forest,6,11.843979835510254,0.1305840015411377,success,,KMNV,192
0.9620626151012891,0.9248909575492437,0.9614298165224326,0.9248909575492437,0.9403671817834509,0.962143755797941,0.24684424698352814,0.0954674606096447,Random Forest,7,11.777873992919922,0.11287093162536621,success,,KMNV,192
0.96597605893186,0.9330363034474781,0.9690745054798386,0.9330363034474781,0.9475007658825243,0.9660067687168639,0.24077674746513367,0.09272080425389427,Random Forest,8,11.699923992156982,0.1168818473815918,success,,KMNV,192
0.9636279926335175,0.9339490980464246,0.9651687275397323,0.9339490980464246,0.9466525242257896,0.9636592293634865,0.24904735386371613,0.09531009626645046,Random Forest,9,12.20796513557434,0.15111327171325684,success,,KMNV,192
0.9636740331491712,0.9260241703072796,0.9651256342377672,0.9260241703072796,0.9415713803895178,0.9637540878446139,0.24713289737701416,0.09566273476816249,Random Forest,10,12.504387140274048,0.1438441276550293,success,,KMNV,192
0.28783205193131073,0.21000480402612615,0.27364948898893315,0.21000480402612615,0.1328867928485082,0.25219172919248706,10.834932327270508,1.4015544394022437,Gaussian Naive Bayes,1,1.2625737190246582,0.06849193572998047,success,,KMNV,192
0.289134438305709,0.2432063363853115,0.2769655569637956,0.2432063363853115,0.134101144121628,0.25281828321969674,10.871770858764648,1.4004093013697827,Gaussian Naive Bayes,2,1.2783241271972656,0.08551216125488281,success,,KMNV,192
0.2923572744014733,0.20695256692757086,0.26741746230518165,0.20695256692757086,0.13411629582774234,0.25832220576969017,10.831517219543457,1.3938845119925185,Gaussian Naive Bayes,3,1.223229169845581,0.0718080997467041,success,,KMNV,192
0.2863720073664825,0.2211173292153598,0.2628105404561638,0.2211173292153598,0.1293594459637281,0.25059509681288683,10.882401466369629,1.4042633112861256,Gaussian Naive Bayes,4,1.3230059146881104,0.08460521697998047,success,,KMNV,192
0.29148250460405156,0.25319928147845194,0.275426711207223,0.25319928147845194,0.14221509779171454,0.2567703006145449,10.860753059387207,1.3965701736698446,Gaussian Naive Bayes,5,1.2299039363861084,0.08221912384033203,success,,KMNV,192
0.29326458266194005,0.2094276003724323,0.2802133354052462,0.2094276003724323,0.13921026125447455,0.26115260946818597,10.831108093261719,1.393926787133377,Gaussian Naive Bayes,6,1.3166782855987549,0.08334898948669434,success,,KMNV,192
0.28812154696132597,0.2243627016318553,0.2711884515976048,0.2243627016318553,0.13369777000812436,0.2526359872109033,10.849861145019531,1.401381084227103,Gaussian Naive Bayes,7,1.236745834350586,0.0778961181640625,success,,KMNV,192
0.28411602209944753,0.21936566153877987,0.25193149301255985,0.21936566153877987,0.12773989165776495,0.24628347016562877,10.910911560058594,1.4093082925657352,Gaussian Naive Bayes,8,1.297295093536377,0.06454992294311523,success,,KMNV,192
0.29484346224677715,0.25502806869021855,0.27288665749690433,0.25502806869021855,0.1421047109297008,0.2591908139461902,10.744330406188965,1.388351207933613,Gaussian Naive Bayes,9,1.2728590965270996,0.08486676216125488,success,,KMNV,192
0.2834714548802947,0.2229604108036394,0.26075159521095886,0.2229604108036394,0.13227804661474565,0.2472949602967259,10.941461563110352,1.410767766025188,Gaussian Naive Bayes,10,1.2372329235076904,0.07824301719665527,success,,KMNV,192
0.9399659315869435,0.8790462664008197,0.936378048999846,0.8790462664008197,0.8980001453006659,0.9397616463436667,0.4128877520561218,0.08584503488088205,K-Nearest Neighbours,1,1.338514804840088,1.1848092079162598,success,,KMNV,192
0.9397790055248619,0.9015430354051478,0.9351305356556785,0.9015430354051478,0.9138325102990725,0.9395744522492198,0.4144655466079712,0.08668508301398158,K-Nearest Neighbours,2,1.2973887920379639,1.0883018970489502,success,,KMNV,192
0.9376611418047882,0.8886346338843021,0.9154076051994395,0.8886346338843021,0.9006602812943654,0.9374079715324443,0.4529436230659485,0.09191160232454378,K-Nearest Neighbours,3,1.2415249347686768,1.197026014328003,success,,KMNV,192
0.9407918968692449,0.890234184977933,0.9415433731940288,0.890234184977933,0.9115330364566328,0.94059187611445,0.3976879417896271,0.08455616958271955,K-Nearest Neighbours,4,1.2229130268096924,1.2035877704620361,success,,KMNV,192
0.9360036832412523,0.8872758935025754,0.9382009835011208,0.8872758935025754,0.9090729531219177,0.9356982631111229,0.43599733710289,0.09036832433571258,K-Nearest Neighbours,5,1.2239387035369873,1.228822946548462,success,,KMNV,192
0.937756088577874,0.8760856454266781,0.932604554084023,0.8760856454266781,0.8981372599004611,0.9375523188644939,0.43439725041389465,0.08920399633117337,K-Nearest Neighbours,6,1.2208330631256104,1.1928040981292725,success,,KMNV,192
0.9390423572744014,0.8943962413689036,0.9296051200405921,0.8943962413689036,0.90973028363388,0.9388026844700926,0.41895970702171326,0.08738121560150093,K-Nearest Neighbours,7,1.2678368091583252,1.1574711799621582,success,,KMNV,192
0.9417127071823205,0.8945567832063636,0.9462789046091447,0.8945567832063636,0.9155661926488089,0.9415137658235715,0.40277335047721863,0.08409944762336179,K-Nearest Neighbours,8,1.3304359912872314,1.200011968612671,success,,KMNV,192
0.9370626151012892,0.8984299394427315,0.9269115593486269,0.8984299394427315,0.9097471829530895,0.9367731094393023,0.45705434679985046,0.08964640905975642,K-Nearest Neighbours,9,1.3334860801696777,1.2549901008605957,success,,KMNV,192
0.9400552486187845,0.8794427649043817,0.9224786190514779,0.8794427649043817,0.897632905118757,0.9398846903734234,0.40822795033454895,0.08682136288510285,K-Nearest Neighbours,10,1.302635669708252,1.11525297164917,success,,KMNV,192
0.9808940656507528,0.9799813870438695,0.9902206110136111,0.9799813870438695,0.9846752154910786,0.9808764849617109,0.08468318730592728,0.03611813355554915,Support Vector Machine,1,384.36519598960876,0.05289101600646973,success,,KMNV,192
0.980110497237569,0.99005403814139,0.9891239770802344,0.99005403814139,0.9895536836837295,0.9801099352319705,0.0817863717675209,0.03621061994762245,Support Vector Machine,2,548.4676580429077,0.04629397392272949,success,,KMNV,192
0.9790055248618784,0.989513997857042,0.9885934651554976,0.989513997857042,0.9890315544736664,0.9789931765081282,0.08616385608911514,0.03768625122852261,Support Vector Machine,3,452.5402686595917,0.05033707618713379,success,,KMNV,192
0.9790515653775322,0.9875247300270694,0.9914296396966928,0.9875247300270694,0.9894472384759238,0.9790575003395534,0.08357686549425125,0.036307566625014484,Support Vector Machine,4,484.9621789455414,0.04713106155395508,success,,KMNV,192
0.9800184162062615,0.9837859157997518,0.9900632976905132,0.9837859157997518,0.9867763133270793,0.9800069122326263,0.08403127640485764,0.036460365503517826,Support Vector Machine,5,405.9498438835144,0.05053520202636719,success,,KMNV,192
0.979789144146218,0.9895911486254111,0.9912875675159781,0.9895911486254111,0.9904294827975142,0.9797906956135014,0.08428545296192169,0.03680145845258306,Support Vector Machine,6,422.5852129459381,0.03969097137451172,success,,KMNV,192
0.9798802946593002,0.9849641990723176,0.9891834856526122,0.9849641990723176,0.9869660831912833,0.9798640728302885,0.08705949783325195,0.03710378547093407,Support Vector Machine,7,390.6273732185364,0.04279279708862305,success,,KMNV,192
0.9816298342541436,0.9787666257950212,0.9925951795634299,0.9787666257950212,0.9850701186636535,0.9816238669299541,0.07989756762981415,0.03449286691286207,Support Vector Machine,8,468.2978491783142,0.04337310791015625,success,,KMNV,192
0.9802486187845304,0.9878230849387593,0.9905827339369201,0.9878230849387593,0.9891789717253292,0.9802399015443907,0.08395417779684067,0.036407503991885616,Support Vector Machine,9,457.63876509666443,0.04499006271362305,success,,KMNV,192
0.9780386740331491,0.9856718851904439,0.9887856103986628,0.9856718851904439,0.987158148174521,0.9780297279379601,0.08815649151802063,0.03837749618296294,Support Vector Machine,10,364.8740448951721,0.046018123626708984,success,,KMNV,192
0.988122093826251,0.9591290764958217,0.9896366253819067,0.9591290764958217,0.9699239065537655,0.9880913324524847,0.04477233067154884,0.01862468868891681,Neural Network,1,7.069797992706299,0.020566940307617188,success,,KMNV,192
0.9881215469613259,0.9851622952263701,0.9819048740784171,0.9851622952263701,0.9830372348264674,0.9881309972489896,0.0459681935608387,0.018582215613304982,Neural Network,2,8.041417837142944,0.019248008728027344,success,,KMNV,192
0.9883057090239411,0.9671285404823201,0.9893476753993035,0.9671285404823201,0.9755392023171751,0.9882974924172623,0.04762361943721771,0.019132050522750015,Neural Network,3,7.895530939102173,0.019325971603393555,success,,KMNV,192
0.9839318600368324,0.9745777123556274,0.9815573881873386,0.9745777123556274,0.977377484964861,0.9839311030544263,0.052068501710891724,0.02425874021104875,Neural Network,4,3.4833579063415527,0.018800735473632812,success,,KMNV,192
0.9873848987108655,0.9840674914092219,0.9859250580239677,0.9840674914092219,0.9849462355585719,0.9873782943759839,0.045917004346847534,0.019371219496422468,Neural Network,5,6.378898859024048,0.019964933395385742,success,,KMNV,192
0.9884443625984071,0.9721568291625554,0.9887190947715624,0.9721568291625554,0.9786724695636299,0.9884338054895989,0.04441869258880615,0.018091326417580305,Neural Network,6,7.390789031982422,0.020514726638793945,success,,KMNV,192
0.9855893186003684,0.9735268157393824,0.9844294436359737,0.9735268157393824,0.9783738270622463,0.9855826107267469,0.04877172037959099,0.02215401652574903,Neural Network,7,4.612959861755371,0.019407033920288086,success,,KMNV,192
0.9876151012891344,0.9774927764517894,0.991156450547287,0.9774927764517894,0.983691964665707,0.9876182744896438,0.03852972015738487,0.01785010007190731,Neural Network,8,4.901426792144775,0.019315242767333984,success,,KMNV,192
0.989134438305709,0.9821131759365583,0.9896377272844087,0.9821131759365583,0.9856978246521745,0.9891247439776043,0.04762021452188492,0.017272307685023722,Neural Network,9,6.421166896820068,0.019891977310180664,success,,KMNV,192
0.9884898710865562,0.9867194502927199,0.9782952120471957,0.9867194502927199,0.9820732463906962,0.9884953388853281,0.039833914488554,0.018551668900004592,Neural Network,10,5.467725992202759,0.019382953643798828,success,,KMNV,192
0.9818148335711984,0.9817964670566156,0.987919473847315,0.9817964670566156,0.9844407951590047,0.9818045473405722,0.06716795265674591,0.02961342141192379,Logistic Regression,1,3.2179930210113525,0.017550945281982422,success,,KMNV,192
0.9824585635359117,0.9887980201297669,0.9741813823979918,0.9887980201297669,0.980998789784941,0.9824660460903373,0.06533617526292801,0.02917313201297214,Logistic Regression,2,3.010148763656616,0.017904996871948242,success,,KMNV,192
0.9798802946593002,0.9806201399254614,0.9857004911421292,0.9806201399254614,0.9824556529183717,0.9798792381507825,0.07221095263957977,0.031860336621980366,Logistic Regression,3,2.798326015472412,0.016956329345703125,success,,KMNV,192
0.9797882136279926,0.9771184425680638,0.9833976057229153,0.9771184425680638,0.9795878926418279,0.9797846429716047,0.07236042618751526,0.03132554900861839,Logistic Regression,4,2.9529001712799072,0.016185760498046875,success,,KMNV,192
0.9800644567219153,0.9826854336892472,0.983111059128678,0.9826854336892472,0.9827952900642017,0.9800527925761446,0.07309888303279877,0.03184124849410249,Logistic Regression,5,2.870455026626587,0.016292810440063477,success,,KMNV,192
0.9808019888587082,0.9808075800208126,0.982288442375304,0.9808075800208126,0.9810490538231016,0.9808023681603834,0.06972765922546387,0.031214320586549146,Logistic Regression,6,3.06836199760437,0.017490863800048828,success,,KMNV,192
0.9812154696132597,0.977505299493863,0.9861194580882856,0.977505299493863,0.9811550753540049,0.9812084112139248,0.07051866501569748,0.03129767992066252,Logistic Regression,7,2.955303907394409,0.017110109329223633,success,,KMNV,192
0.9833333333333333,0.9816724804278106,0.9894869975740542,0.9816724804278106,0.98495301437562,0.9833306556575144,0.06317421048879623,0.027612862143017194,Logistic Regression,8,3.0049710273742676,0.0161740779876709,success,,KMNV,192
0.9809852670349908,0.9870381719025257,0.9864959060624662,0.9870381719025257,0.9866331218149198,0.9809851002437725,0.07612796872854233,0.0303596986580385,Logistic Regression,9,2.854149103164673,0.01693105697631836,success,,KMNV,192
0.979097605893186,0.9881470099838038,0.9845222299645938,0.9881470099838038,0.9862362680214026,0.979096488324224,0.07360141724348068,0.03302598216329944,Logistic Regression,10,3.007841110229492,0.017351865768432617,success,,KMNV,192
0.7960499056212882,0.6722115241026074,0.6805163787949737,0.6722115241026074,0.6759231811240055,0.7957429319003637,3.245145797729492,0.4076038788196674,Decision Tree,1,12.961549997329712,0.11886405944824219,success,,ENV,1536
0.793646408839779,0.6899996130594657,0.6792166330687779,0.6899996130594657,0.6814015424767748,0.7936681900104403,3.2873456478118896,0.4126269207561927,Decision Tree,2,12.978959798812866,0.10585212707519531,success,,ENV,1536
0.7920810313075507,0.7095008261107235,0.7019684335498306,0.7095008261107235,0.7044512141642482,0.791877442446892,3.3070995807647705,0.41547732873180787,Decision Tree,3,12.815416812896729,0.10352420806884766,success,,ENV,1536
0.7955340699815838,0.677306563506434,0.6756384163290764,0.677306563506434,0.676308066561743,0.7954098627943491,3.257934093475342,0.4089222618983847,Decision Tree,4,12.867777109146118,0.10332274436950684,success,,ENV,1536
0.7915745856353591,0.7064820746151954,0.6887539876903758,0.7064820746151954,0.6924613106741301,0.7913751073381966,3.318136692047119,0.4164800958188913,Decision Tree,5,12.878118991851807,0.10265898704528809,success,,ENV,1536
0.7906173748906589,0.6878812698639583,0.6912390107324325,0.6878812698639583,0.6881136847942991,0.7903740280317808,3.3363800048828125,0.41876970040692185,Decision Tree,6,12.979756832122803,0.10343813896179199,success,,ENV,1536
0.7935082872928176,0.6694638665969904,0.6713769496015161,0.6694638665969904,0.6699608144763458,0.7930315979904028,3.2821600437164307,0.41240166191889377,Decision Tree,7,12.826947212219238,0.10463476181030273,success,,ENV,1536
0.795902394106814,0.7067452610003128,0.7180865483489193,0.7067452610003128,0.7115949357025182,0.795381734637868,3.2508840560913086,0.4081805853960483,Decision Tree,8,12.875334024429321,0.10560178756713867,success,,ENV,1536
0.7933701657458564,0.7071708859208767,0.6941358000069101,0.7071708859208767,0.6968764779675757,0.7932013475350502,3.2881813049316406,0.4128187166718209,Decision Tree,9,12.641378164291382,0.10748004913330078,success,,ENV,1536
0.7887661141804788,0.6597655329934606,0.6608320652720718,0.6597655329934606,0.6599433355224736,0.788971621556003,3.3626227378845215,0.42225428740598486,Decision Tree,10,12.781135082244873,0.10272002220153809,success,,ENV,1536
0.9021684084526496,0.8276852955256141,0.8900178362827461,0.8276852955256141,0.8492259248104453,0.9025062393540869,0.5033350586891174,0.210532023869677,Random Forest,1,11.134165048599243,0.2905087471008301,success,,ENV,1536
0.8992173112338858,0.8283238822294006,0.9076695773207227,0.8283238822294006,0.8554926536128702,0.8997814468463896,0.5129982829093933,0.21309331762707204,Random Forest,2,11.32909369468689,0.2913062572479248,success,,ENV,1536
0.8929558011049724,0.8373360254647229,0.8982807698800763,0.8373360254647229,0.859658077888164,0.8936281489328002,0.522549033164978,0.21742625659114237,Random Forest,3,11.14828109741211,0.2835969924926758,success,,ENV,1536
0.8998618784530387,0.8283660727813119,0.908438009771712,0.8283660727813119,0.8550897809340613,0.9004356937933374,0.5104419589042664,0.2123294412862109,Random Forest,4,11.296730041503906,0.2977421283721924,success,,ENV,1536
0.8953499079189687,0.8320948794195759,0.9041727764268096,0.8320948794195759,0.8558725015964884,0.8958508677028225,0.5160727500915527,0.21502229388915042,Random Forest,5,11.140122890472412,0.3000061511993408,success,,ENV,1536
0.8976106072464435,0.814072336617845,0.9061302507771622,0.814072336617845,0.8415979727360463,0.8981185666858701,0.5143104791641235,0.21470407183930934,Random Forest,6,11.114454746246338,0.27913331985473633,success,,ENV,1536
0.8970073664825046,0.8245489429277795,0.9060370923704061,0.8245489429277795,0.8521095302074043,0.8974818783594762,0.5119374990463257,0.21352272024315236,Random Forest,7,11.025932788848877,0.27222418785095215,success,,ENV,1536
0.8986648250460405,0.8267052523853802,0.9055526488719331,0.8267052523853802,0.8521620849323307,0.8991833469616489,0.5063324570655823,0.21195345943786253,Random Forest,8,10.884947061538696,0.27401280403137207,success,,ENV,1536
0.8986648250460405,0.8515077766608911,0.9047091305606999,0.8515077766608911,0.870165875535082,0.8991952666841315,0.5158869624137878,0.21418955497658926,Random Forest,9,11.009935855865479,0.2750070095062256,success,,ENV,1536
0.8990331491712708,0.8115079935076489,0.905302775217115,0.8115079935076489,0.8364058331325946,0.8995951553686057,0.5173905491828918,0.2144630151623309,Random Forest,10,11.038722038269043,0.2754240036010742,success,,ENV,1536
0.05492380645458312,0.12008206786352385,0.21775990582484675,0.12008206786352385,0.06376354146115015,0.07435263479368891,14.96159839630127,1.8868514242157273,Gaussian Naive Bayes,1,5.035883665084839,0.56752610206604,success,,ENV,1536
0.031169429097605894,0.15064435753479186,0.22618012501464746,0.15064435753479186,0.05045631750446693,0.03636282891990294,15.441174507141113,1.937117294304056,Gaussian Naive Bayes,2,5.00433874130249,0.53348708152771,success,,ENV,1536
0.039042357274401474,0.1413102173011152,0.20454004237599036,0.1413102173011152,0.05547570870870793,0.04886639463615426,15.31222915649414,1.9210674274737725,Gaussian Naive Bayes,3,5.00397801399231,0.5365710258483887,success,,ENV,1536
0.04046961325966851,0.13477499256439823,0.23588823863600747,0.13477499256439823,0.05756627055425567,0.0495090917604878,15.275083541870117,1.9176027334028387,Gaussian Naive Bayes,4,5.0128068923950195,0.5286698341369629,success,,ENV,1536
0.03697053406998158,0.13760556520059328,0.22705173142689936,0.13760556520059328,0.0502525043140032,0.04703120116065496,15.313993453979492,1.9243612683313085,Gaussian Naive Bayes,5,5.076301097869873,0.5470049381256104,success,,ENV,1536
0.042861746696745084,0.14281304092779354,0.22449494263946723,0.14281304092779354,0.05670126082686541,0.05425472519720223,15.230031967163086,1.9130298179509344,Gaussian Naive Bayes,6,5.00813627243042,0.5514376163482666,success,,ENV,1536
0.0951657458563536,0.14817912240704872,0.24203498234096948,0.14817912240704872,0.07870792700793937,0.13111607390790786,14.405344009399414,1.8082016084989558,Gaussian Naive Bayes,7,4.973286151885986,0.5329270362854004,success,,ENV,1536
0.039548802946593,0.11945893397816805,0.21171764321672462,0.11945893397816805,0.0508925019288289,0.05320058324308875,15.2682523727417,1.919416642504767,Gaussian Naive Bayes,8,4.955958127975464,0.5426230430603027,success,,ENV,1536
0.038305709023941065,0.13413269438160014,0.2449290036123083,0.13413269438160014,0.053873295641191456,0.05035979258430316,15.310457229614258,1.922256999084289,Gaussian Naive Bayes,9,5.030533075332642,0.525813102722168,success,,ENV,1536
0.0358195211786372,0.1175476427527703,0.2492414456352981,0.1175476427527703,0.05580598597942297,0.04466616375142099,15.362894058227539,1.9271875137508667,Gaussian Naive Bayes,10,4.9559409618377686,0.5276730060577393,success,,ENV,1536
0.8594908153399936,0.7452678130450003,0.8515870178734997,0.7452678130450003,0.7809398022291216,0.8579578338167795,1.124718427658081,0.19820818633572423,K-Nearest Neighbours,1,5.011230945587158,8.18929672241211,success,,ENV,1536
0.8614640883977901,0.748086890431743,0.8479153202678406,0.748086890431743,0.7799598092945242,0.8598843508662138,1.072373390197754,0.19370902459194436,K-Nearest Neighbours,2,5.032607078552246,7.108232021331787,success,,ENV,1536
0.8553406998158379,0.7613283731814264,0.8402430275680689,0.7613283731814264,0.7921944103936935,0.853811992305746,1.1379008293151855,0.2028839785710225,K-Nearest Neighbours,3,5.115423917770386,6.996914863586426,success,,ENV,1536
0.8589779005524862,0.7519034232137847,0.8400542656451586,0.7519034232137847,0.7817994702332932,0.8575900765857812,1.100649356842041,0.19693186069895996,K-Nearest Neighbours,4,5.2902257442474365,6.993231296539307,success,,ENV,1536
0.8557090239410682,0.7665533083119991,0.8602815652162747,0.7665533083119991,0.7994788601929381,0.8543638879967563,1.140455722808838,0.20138858265348789,K-Nearest Neighbours,5,5.2306060791015625,6.8947038650512695,success,,ENV,1536
0.857925509875236,0.730630934559417,0.819563809567592,0.730630934559417,0.7589622973208219,0.8559058328341868,1.124659776687622,0.20049169074083523,K-Nearest Neighbours,6,5.265049695968628,7.09800124168396,success,,ENV,1536
0.8586556169429097,0.7398493059613083,0.8340425821170686,0.7398493059613083,0.7708283477811656,0.8570908399631841,1.1147698163986206,0.1986703506188389,K-Nearest Neighbours,7,5.177332878112793,7.127870082855225,success,,ENV,1536
0.8602670349907919,0.7690125617253991,0.8503099978697456,0.7690125617253991,0.7983396201471341,0.8590583919442975,1.1051706075668335,0.19625414430617638,K-Nearest Neighbours,8,5.213159799575806,7.1673583984375,success,,ENV,1536
0.8562615101289135,0.7816481147684738,0.8460249197537267,0.7816481147684738,0.8060879475185054,0.8548107356763626,1.1445094347000122,0.20074401541128348,K-Nearest Neighbours,9,5.211764097213745,7.336503982543945,success,,ENV,1536
0.858609576427256,0.7427129639361141,0.8606548122223544,0.7427129639361141,0.7768117157885325,0.8572965602259903,1.1063743829727173,0.1974475144517796,K-Nearest Neighbours,10,5.094563961029053,7.29473090171814,success,,ENV,1536
0.8762948298881267,0.7344669886583857,0.8529526806721,0.7344669886583857,0.7579999053898056,0.8730056717667956,0.516794741153717,0.20862986994815183,Support Vector Machine,1,45801.64133691788,0.2286088466644287,success,,ENV,1536
0.8740791896869244,0.7355452515330958,0.8417324922507908,0.7355452515330958,0.7584209331430302,0.8702633638130906,0.5122158527374268,0.20958089882916073,Support Vector Machine,2,58140.60249376297,0.23812413215637207,success,,ENV,1536
0.8744935543278085,0.7417429061794012,0.8205265517757602,0.7417429061794012,0.7625986001503907,0.8712834959500719,0.5185505747795105,0.2108493112898664,Support Vector Machine,3,31733.359519958496,0.23314404487609863,success,,ENV,1536
0.8747697974217311,0.7327201220289904,0.8133426432534268,0.7327201220289904,0.7520000711662187,0.8706280443251014,0.5164235830307007,0.2085771030367377,Support Vector Machine,4,32461.88879108429,0.23440194129943848,success,,ENV,1536
0.8730662983425415,0.7294672615400632,0.8117532827010807,0.7294672615400632,0.7485228475731296,0.8690123249602411,0.5245205163955688,0.21027080376077997,Support Vector Machine,5,32148.646066904068,0.23682618141174316,success,,ENV,1536
0.8746374476313246,0.7308568770260861,0.7949235369634381,0.7308568770260861,0.7490056284935572,0.8708434968008866,0.5159701704978943,0.20990429862533694,Support Vector Machine,6,32279.966674804688,0.2429211139678955,success,,ENV,1536
0.8732965009208103,0.7373306996907748,0.8221741790726854,0.7373306996907748,0.7588039203549927,0.8698558101515285,0.518398106098175,0.21208685823584275,Support Vector Machine,7,31774.402079343796,0.2505977153778076,success,,ENV,1536
0.8746316758747698,0.7329493279852682,0.799472663174577,0.7329493279852682,0.7511739341277043,0.8707427768266707,0.5175139904022217,0.21033527644383296,Support Vector Machine,8,48057.434114933014,0.25574207305908203,success,,ENV,1536
0.8740331491712707,0.7384241609073721,0.8325152251471252,0.7384241609073721,0.759492660121364,0.8702889452864894,0.5297741889953613,0.21176934747544446,Support Vector Machine,9,32428.192358970642,0.24047303199768066,success,,ENV,1536
0.8755524861878453,0.7370473690551008,0.8518472915671762,0.7370473690551008,0.7616894970570175,0.8717594483189778,0.5204924941062927,0.20982126618434388,Support Vector Machine,10,32325.031022787094,0.24401211738586426,success,,ENV,1536
0.9038718291054739,0.8301957363465032,0.8706861128684091,0.8301957363465032,0.8465984787674973,0.9035089930874205,0.4167190492153168,0.14903897966561902,Neural Network,1,11.952088117599487,0.1326611042022705,success,,ENV,1536
0.9017955801104972,0.8412266388286963,0.852156192711983,0.8412266388286963,0.8457709328455639,0.9019662652522336,0.5317513942718506,0.15955174305351835,Neural Network,2,14.113020896911621,0.11857008934020996,success,,ENV,1536
0.8992633517495396,0.8564164773748155,0.8601285520822369,0.8564164773748155,0.8579547588657293,0.8992909833896889,0.5224604606628418,0.1619326640167308,Neural Network,3,12.99469804763794,0.1172642707824707,success,,ENV,1536
0.902255985267035,0.8230988684395076,0.8377897927012995,0.8230988684395076,0.829755572812191,0.9021501751108582,0.41123685240745544,0.15042773458419714,Neural Network,4,11.639731407165527,0.11864280700683594,success,,ENV,1536
0.8971454880294659,0.8408593210970053,0.8663327480056564,0.8408593210970053,0.8515876988226075,0.8970299755019067,0.49966180324554443,0.16263944298010713,Neural Network,5,12.415950059890747,0.11859297752380371,success,,ENV,1536
0.8969660697021316,0.8248152627958758,0.8617591743616513,0.8248152627958758,0.834188619826133,0.8968779611717025,0.5039681792259216,0.1639541393481664,Neural Network,6,12.633977890014648,0.1183469295501709,success,,ENV,1536
0.9028545119705341,0.8318824146055486,0.8679897204702397,0.8318824146055486,0.8428435780155282,0.902792135334627,0.5415244102478027,0.16088715120673003,Neural Network,7,13.718466758728027,0.11820316314697266,success,,ENV,1536
0.9025782688766114,0.8449362308329358,0.8874214176850617,0.8449362308329358,0.862009878585421,0.9023901631187584,0.5109565258026123,0.1573758987759663,Neural Network,8,13.643271923065186,0.11684703826904297,success,,ENV,1536
0.896731123388582,0.864265771620704,0.8708660171690551,0.864265771620704,0.8673506741666025,0.8967830806201048,0.5268160104751587,0.1632049773790139,Neural Network,9,13.180206060409546,0.11652398109436035,success,,ENV,1536
0.903499079189687,0.8440026778732324,0.865719987138019,0.8440026778732324,0.8537235764768308,0.9034438329908837,0.44433531165122986,0.15200809139929108,Neural Network,10,11.747056007385254,0.11687493324279785,success,,ENV,1536
0.8834768196676028,0.8588469821616334,0.8596596163510747,0.8588469821616334,0.8531860641200556,0.8840712019052201,0.5858790874481201,0.18598448836531856,Logistic Regression,1,13.917317152023315,0.11384272575378418,success,,ENV,1536
0.8795580110497238,0.8706804278512825,0.8652818794518173,0.8706804278512825,0.8634450972199799,0.8804832816788827,0.6138054728507996,0.19038309255897176,Logistic Regression,2,12.795968055725098,0.11068201065063477,success,,ENV,1536
0.877255985267035,0.8774626805109572,0.8557274274574403,0.8774626805109572,0.8628869790410256,0.8779229422417704,0.6286900639533997,0.19290710893476828,Logistic Regression,3,12.52595591545105,0.11258101463317871,success,,ENV,1536
0.8792817679558012,0.8648987817370873,0.8601946029905525,0.8648987817370873,0.8567148007210905,0.8801119836401634,0.6071584224700928,0.18990709689378368,Logistic Regression,4,11.73419713973999,0.11210393905639648,success,,ENV,1536
0.8768876611418048,0.8750026722982426,0.8475216877173045,0.8750026722982426,0.8569063444695741,0.8776696405820693,0.6247828602790833,0.1934210925125797,Logistic Regression,5,11.706061840057373,0.11129117012023926,success,,ENV,1536
0.8785046728971962,0.865236924722383,0.8491331542714974,0.865236924722383,0.8531230877464545,0.8794551185597538,0.598453938961029,0.18903338124856267,Logistic Regression,6,12.70365595817566,0.11220502853393555,success,,ENV,1536
0.878084714548803,0.8631292019055415,0.8478655811885435,0.8631292019055415,0.8509793654824679,0.8789800450838275,0.6157791018486023,0.19278354666455558,Logistic Regression,7,12.43338394165039,0.11167311668395996,success,,ENV,1536
0.8772099447513813,0.8674014066514252,0.8424868672064922,0.8674014066514252,0.8504794775419073,0.8782052146674855,0.6081847548484802,0.1924043260866011,Logistic Regression,8,13.12365198135376,0.11399459838867188,success,,ENV,1536
0.879926335174954,0.8740095578679173,0.8569010995614402,0.8740095578679173,0.8628943976072363,0.8804663675510999,0.6454340815544128,0.19237253280260166,Logistic Regression,9,13.017030000686646,0.12877893447875977,success,,ENV,1536
0.882780847145488,0.8634601278239223,0.8667162348029627,0.8634601278239223,0.858942422865196,0.8835323714033825,0.5988983511924744,0.1860623455540438,Logistic Regression,10,12.253511905670166,0.11273717880249023,success,,ENV,1536
0.8811748998664887,0.787721276949774,0.7939111732594301,0.787721276949774,0.7890889430867112,0.8810836525921659,1.8943555355072021,0.2376502002670227,Decision Tree,1,1.6790950298309326,0.008967876434326172,success,,KMC,64
0.8756906077348067,0.7927211091512264,0.8094786154057028,0.7927211091512264,0.7992277443454948,0.8756381651988417,1.9817882776260376,0.24861878453038674,Decision Tree,2,1.6031272411346436,0.0072057247161865234,success,,KMC,64
0.8753683241252302,0.7832625956592973,0.7893033208806853,0.7832625956592973,0.7855120200660686,0.8752673619512147,1.9869263172149658,0.2492633517495396,Decision Tree,3,1.6544976234436035,0.007271289825439453,success,,KMC,64
0.8812154696132597,0.7997208343739408,0.8062132975911865,0.7997208343739408,0.8028806614347058,0.8811395406605805,1.8937088251113892,0.23756906077348067,Decision Tree,4,1.6415808200836182,0.006796121597290039,success,,KMC,64
0.8767955801104972,0.7956208377596421,0.8259824924550193,0.7956208377596421,0.8073786100704213,0.8765337398402622,1.96417236328125,0.24640883977900552,Decision Tree,5,1.6075878143310547,0.007111072540283203,success,,KMC,64
0.8768012522443718,0.7838443173664172,0.7825996940261795,0.7838443173664172,0.7819668413416189,0.8768107371531995,1.9640820026397705,0.2463974955112564,Decision Tree,6,1.6023547649383545,0.007430076599121094,success,,KMC,64
0.8781767955801105,0.8153811846634056,0.8133888459931858,0.8153811846634056,0.8139216309288438,0.8780962848597583,1.9421526193618774,0.243646408839779,Decision Tree,7,1.6934700012207031,0.007069110870361328,success,,KMC,64
0.8784530386740331,0.818029261164135,0.80658498485223,0.818029261164135,0.8117373703063435,0.8785630438997094,1.9377485513687134,0.2430939226519337,Decision Tree,8,1.6701459884643555,0.0073049068450927734,success,,KMC,64
0.882366482504604,0.8242433482563135,0.8180066763218692,0.8242433482563135,0.8178691982880615,0.8821240158136171,1.8753589391708374,0.2352670349907919,Decision Tree,9,1.63718581199646,0.007092952728271484,success,,KMC,64
0.8746777163904236,0.7690733211559838,0.777695200909695,0.7690733211559838,0.772949447308498,0.8745332183870306,1.9979361295700073,0.25064456721915285,Decision Tree,10,1.6594600677490234,0.007280826568603516,success,,KMC,64
0.9534551816214724,0.9037884403831895,0.9319410035996727,0.9037884403831895,0.9137575026272464,0.9536243804794687,0.2768542170524597,0.11096054817263999,Random Forest,1,3.5342180728912354,0.10790801048278809,success,,KMC,64
0.9487569060773481,0.9087602253746369,0.9444029212848587,0.9087602253746369,0.9232361861256246,0.9490036123330925,0.2810385823249817,0.11340068153306994,Random Forest,2,3.5116071701049805,0.09561300277709961,success,,KMC,64
0.9476058931860036,0.9104488352942571,0.9397434514125949,0.9104488352942571,0.9211889701129584,0.9478379201211699,0.2858746349811554,0.11576986497252956,Random Forest,3,3.498501777648926,0.10543298721313477,success,,KMC,64
0.95451197053407,0.9049922762514908,0.9330235335644615,0.9049922762514908,0.915845446791747,0.9547929705163603,0.2739498019218445,0.11031734199459342,Random Forest,4,3.506498098373413,0.09981679916381836,success,,KMC,64
0.9465930018416207,0.9205788555033215,0.9503839480877867,0.9205788555033215,0.932715444418076,0.9469108438235496,0.28426122665405273,0.11506846844702973,Random Forest,5,3.5123729705810547,0.10027503967285156,success,,KMC,64
0.9507849546521799,0.8979261726235158,0.9521005230045397,0.8979261726235158,0.9142798266913592,0.9510971265567969,0.2824977934360504,0.11334289609012951,Random Forest,6,3.4879531860351562,0.1089789867401123,success,,KMC,64
0.9478821362799263,0.9152540532376987,0.9460002198357491,0.9152540532376987,0.928403629739377,0.9481751698640457,0.27979809045791626,0.11289734199911104,Random Forest,7,3.4995429515838623,0.10947394371032715,success,,KMC,64
0.9505524861878453,0.9162484856121725,0.9463633521288385,0.9162484856121725,0.9276796837726984,0.9507914757890041,0.27661094069480896,0.11223036007065629,Random Forest,8,3.546529769897461,0.10140419006347656,success,,KMC,64
0.9516114180478822,0.9222085862099462,0.9388628905468276,0.9222085862099462,0.9278180687124911,0.9517803344285704,0.2810412049293518,0.11289281870271473,Random Forest,9,3.5016961097717285,0.1091470718383789,success,,KMC,64
0.9493093922651934,0.8839902731715262,0.9478401176727413,0.8839902731715262,0.8997515317511973,0.9495057191300227,0.2812480628490448,0.11415257523910564,Random Forest,10,3.5650181770324707,0.11735296249389648,success,,KMC,64
0.24925187606463792,0.17013521054365524,0.15167674124746156,0.17013521054365524,0.08721587012129042,0.1927325425580964,10.969776153564453,1.4464054708179601,Gaussian Naive Bayes,1,0.292003870010376,0.02261805534362793,success,,KMC,64
0.24990791896869244,0.18995112986614146,0.1329757831133493,0.18995112986614146,0.08381790520523337,0.19030915358396383,11.084515571594238,1.447080377670275,Gaussian Naive Bayes,2,0.2796049118041992,0.01967477798461914,success,,KMC,64
0.2518876611418048,0.16846320499988526,0.1601066143850977,0.16846320499988526,0.08637083548974168,0.19364266287029247,10.981940269470215,1.4402054125261623,Gaussian Naive Bayes,3,0.28527069091796875,0.030672073364257812,success,,KMC,64
0.25290055248618787,0.1703132502159737,0.22639470050494573,0.1703132502159737,0.08904755804217421,0.1961819729830585,10.979689598083496,1.4392184878714815,Gaussian Naive Bayes,4,0.2801849842071533,0.029327869415283203,success,,KMC,64
0.25101289134438304,0.18809447030267148,0.17494975079354774,0.18809447030267148,0.08756934325598277,0.1937552898493252,11.000306129455566,1.4421162758883794,Gaussian Naive Bayes,5,0.28856396675109863,0.02652120590209961,success,,KMC,64
0.24994245200497214,0.16321022987477737,0.16492448548765984,0.16321022987477737,0.08503347965705854,0.19394216602478967,11.036914825439453,1.4475334574234082,Gaussian Naive Bayes,6,0.28780508041381836,0.02845907211303711,success,,KMC,64
0.25004604051565377,0.18301990158255838,0.2091767530647404,0.18301990158255838,0.08410675603697153,0.19190940341454277,11.00101089477539,1.4446938554764963,Gaussian Naive Bayes,7,0.2788538932800293,0.021038055419921875,success,,KMC,64
0.25101289134438304,0.1953730278663098,0.20357461420939135,0.1953730278663098,0.08865121032827132,0.19159311881417823,11.016425132751465,1.44242384383142,Gaussian Naive Bayes,8,0.27984094619750977,0.020111083984375,success,,KMC,64
0.2511049723756906,0.17016560269193856,0.17051864221487154,0.17016560269193856,0.08508955864831841,0.19354129659131322,10.900491714477539,1.441660250174351,Gaussian Naive Bayes,9,0.2842597961425781,0.02643108367919922,success,,KMC,64
0.24903314917127073,0.17095144911536408,0.22941623449096385,0.17095144911536408,0.08569866502395798,0.19107198986273605,11.088988304138184,1.44735738277781,Gaussian Naive Bayes,10,0.28380584716796875,0.02814316749572754,success,,KMC,64
0.9350858616085815,0.8695065380130593,0.9224738620848063,0.8695065380130593,0.8912587933355254,0.9349117842762027,0.4171421229839325,0.09409879847074722,K-Nearest Neighbours,1,0.28882408142089844,0.664125919342041,success,,KMC,64
0.9325046040515653,0.8880147061157375,0.9150569502221305,0.8880147061157375,0.8986692682123116,0.9323413028806389,0.4411618709564209,0.09562430952777523,K-Nearest Neighbours,2,0.2894768714904785,0.5517570972442627,success,,KMC,64
0.9310773480662984,0.897118726324095,0.9372277415578409,0.897118726324095,0.9144070841085012,0.9309140629381224,0.44754064083099365,0.09890976073739723,K-Nearest Neighbours,3,0.2881898880004883,0.600456953048706,success,,KMC,64
0.936878453038674,0.8846648939054154,0.923434075960983,0.8846648939054154,0.9018437798522939,0.9367309066138301,0.3943988084793091,0.09032412529227707,K-Nearest Neighbours,4,0.28774595260620117,0.6316392421722412,success,,KMC,64
0.9325506445672191,0.885393512491565,0.9256471092209881,0.885393512491565,0.902716722267258,0.932340179972818,0.4494224190711975,0.09659668517683537,K-Nearest Neighbours,5,0.2884030342102051,0.5854759216308594,success,,KMC,64
0.9320933658671332,0.8774929669930959,0.9370288300309747,0.8774929669930959,0.9009177448806979,0.9319511841091416,0.46416568756103516,0.09845955536766263,K-Nearest Neighbours,6,0.2865898609161377,0.6048710346221924,success,,KMC,64
0.9334254143646409,0.8933025945227971,0.9393268062613476,0.8933025945227971,0.913952078818841,0.933229061722985,0.4405848979949951,0.09580478830539504,K-Nearest Neighbours,7,0.2881038188934326,0.5723991394042969,success,,KMC,64
0.9361418047882136,0.8984193458857481,0.927458118565141,0.8984193458857481,0.9108841193368903,0.9359653198169485,0.40931278467178345,0.09165377538638884,K-Nearest Neighbours,8,0.2881169319152832,0.6846399307250977,success,,KMC,64
0.9348987108655616,0.8961611930214289,0.9315319484631708,0.8961611930214289,0.9101914489511939,0.934669879492513,0.4137122929096222,0.09251565389090924,K-Nearest Neighbours,9,0.29129910469055176,0.6054139137268066,success,,KMC,64
0.9330570902394106,0.8716513635914453,0.8999413592696017,0.8716513635914453,0.8832979562026683,0.9329408238262135,0.42426568269729614,0.09577900562299554,K-Nearest Neighbours,10,0.28820300102233887,0.6130678653717041,success,,KMC,64
0.9344413240642696,0.9202508094815596,0.9503909474261387,0.9202508094815596,0.9307709392929897,0.9343847375845128,0.26942020654678345,0.11894111425192648,Support Vector Machine,1,20.700149059295654,0.019312143325805664,success,,KMC,64
0.9308011049723757,0.9216402225428123,0.9489161414146757,0.9216402225428123,0.9339119038347512,0.9307795533330608,0.2605768144130707,0.11891356731022501,Support Vector Machine,2,23.848140954971313,0.020751953125,success,,KMC,64
0.9297421731123389,0.918860577867876,0.9449387748862127,0.918860577867876,0.9290355314461705,0.9296744613776495,0.27096280455589294,0.12170892949566921,Support Vector Machine,3,21.34656524658203,0.022339820861816406,success,,KMC,64
0.9333333333333333,0.9279476273022338,0.9399056177402226,0.9279476273022338,0.9331796091644687,0.933233136963417,0.26152682304382324,0.11705598701307461,Support Vector Machine,4,24.365740060806274,0.02278304100036621,success,,KMC,64
0.9325046040515653,0.9329760858336631,0.9516213518200877,0.9329760858336631,0.9415587345982992,0.9324228995349988,0.2659318149089813,0.11868806213141243,Support Vector Machine,5,21.10400891304016,0.022707223892211914,success,,KMC,64
0.9331062105796234,0.9198952856486776,0.9479255339449919,0.9198952856486776,0.9318482980829899,0.9330582934474874,0.26424843072891235,0.11802556148751828,Support Vector Machine,6,23.394133806228638,0.020623207092285156,success,,KMC,64
0.930755064456722,0.9126832035675917,0.9417741553722225,0.9126832035675917,0.9239156686489917,0.9306998453771979,0.2720605432987213,0.12035628730041466,Support Vector Machine,7,24.47710680961609,0.021252155303955078,success,,KMC,64
0.932780847145488,0.9333483230283911,0.9533197448153462,0.9333483230283911,0.942373476601006,0.9327561795040936,0.2614809572696686,0.11821057941030898,Support Vector Machine,8,19.683379888534546,0.020496129989624023,success,,KMC,64
0.9324585635359116,0.9364561499288286,0.951260268135533,0.9364561499288286,0.9430394084281978,0.9323400404421731,0.26265865564346313,0.11861078058391354,Support Vector Machine,9,22.389058828353882,0.021155118942260742,success,,KMC,64
0.9319981583793738,0.9163867743705326,0.9488179529678862,0.9163867743705326,0.9296250112807253,0.9319664813133738,0.26747944951057434,0.11949898668651197,Support Vector Machine,10,23.339837789535522,0.021602153778076172,success,,KMC,64
0.9660236637355555,0.9426468980355844,0.9722487385968434,0.9426468980355844,0.9554115663688846,0.9660182561911272,0.10704334080219269,0.05241621481208502,Neural Network,1,4.660425901412964,0.010403156280517578,success,,KMC,64
0.9658379373848988,0.9562330719894275,0.9653578759215715,0.9562330719894275,0.9603438734431733,0.96585894922817,0.10341235995292664,0.05032242181789083,Neural Network,2,5.682394981384277,0.008668184280395508,success,,KMC,64
0.9605893186003683,0.952345657396854,0.9537014549336619,0.952345657396854,0.9526183752003604,0.9605753885943725,0.1196320652961731,0.05878443262064374,Neural Network,3,4.930171728134155,0.009735822677612305,success,,KMC,64
0.9623388581952118,0.9467998517840256,0.9672866139285399,0.9467998517840256,0.9557536209814379,0.9623290708379788,0.10853154212236404,0.05506355762664176,Neural Network,4,4.213183879852295,0.009011983871459961,success,,KMC,64
0.9640883977900553,0.9522577575577751,0.9588287185643827,0.9522577575577751,0.95430805358899,0.9640844405206862,0.11112499237060547,0.05260594538216018,Neural Network,5,5.888077020645142,0.010009765625,success,,KMC,64
0.963997974310575,0.9479738514751193,0.9606864278271272,0.9479738514751193,0.952076597286035,0.9640418199202038,0.11036458611488342,0.05406679922734637,Neural Network,6,4.301482200622559,0.008789777755737305,success,,KMC,64
0.9597605893186004,0.943749999905704,0.9622833523127907,0.943749999905704,0.9520798382682303,0.9597872064020292,0.11976128071546555,0.05901350656884436,Neural Network,7,4.060091018676758,0.008937835693359375,success,,KMC,64
0.9634898710865561,0.9531665589508891,0.9659644324333186,0.9531665589508891,0.9586295354623502,0.9634955409633429,0.11109554022550583,0.05378534938952415,Neural Network,8,5.080167055130005,0.00892186164855957,success,,KMC,64
0.9618324125230202,0.9556297291461922,0.9608477698921052,0.9556297291461922,0.9579715032687055,0.9618285022150382,0.1180410161614418,0.05666977921504013,Neural Network,9,4.285858631134033,0.01032710075378418,success,,KMC,64
0.9607274401473297,0.9353507207416548,0.959916028479531,0.9353507207416548,0.944612186597336,0.9607674142907919,0.1169491782784462,0.058152725028170496,Neural Network,10,4.1129419803619385,0.008569717407226562,success,,KMC,64
0.9345794392523364,0.9429943696609103,0.9232856204823856,0.9429943696609103,0.9282606572796535,0.9349594658284338,0.2342360019683838,0.10720655391729601,Logistic Regression,1,5.966137170791626,0.006371974945068359,success,,KMC,64
0.9324125230202578,0.9534364667754442,0.9191315918612005,0.9534364667754442,0.9339019362047104,0.9328080949418854,0.22354938089847565,0.10700597384314987,Logistic Regression,2,5.874501943588257,0.006390094757080078,success,,KMC,64
0.9319981583793738,0.9465821285587496,0.8944741547419729,0.9465821285587496,0.9162336447463026,0.9323376853690055,0.23424546420574188,0.11001793554869338,Logistic Regression,3,6.024453163146973,0.0060427188873291016,success,,KMC,64
0.9348987108655616,0.9624500043400701,0.8960395838906714,0.9624500043400701,0.9215005240019922,0.9352768872103078,0.22376634180545807,0.10558557337380085,Logistic Regression,4,5.983248233795166,0.006505012512207031,success,,KMC,64
0.9347605893186004,0.9558159629038488,0.9246129593916598,0.9558159629038488,0.9382899973290177,0.934942752467909,0.22927704453468323,0.1066314661515811,Logistic Regression,5,6.396154880523682,0.006343841552734375,success,,KMC,64
0.9346254776483587,0.9510414196223015,0.900305982968087,0.9510414196223015,0.9215239146925536,0.9350042860479332,0.22576573491096497,0.10610695006538208,Logistic Regression,6,6.075798034667969,0.006688833236694336,success,,KMC,64
0.9321823204419889,0.9570262686201859,0.9071763931716141,0.9570262686201859,0.9278448003017075,0.9324959868062291,0.23802436888217926,0.10928043776985776,Logistic Regression,7,5.118551969528198,0.005633115768432617,success,,KMC,64
0.931537753222836,0.9491365352985338,0.9116452370464063,0.9491365352985338,0.9275750382930767,0.9318920064044324,0.22718968987464905,0.10782087769525216,Logistic Regression,8,6.671167373657227,0.006790876388549805,success,,KMC,64
0.9348066298342541,0.9576730967298849,0.9228108975316397,0.9576730967298849,0.9381497191074516,0.9350072753218683,0.22696387767791748,0.10639841326606807,Logistic Regression,9,5.69220495223999,0.005540132522583008,success,,KMC,64
0.9338858195211787,0.9485257440670082,0.9023309969327211,0.9485257440670082,0.9216112302910092,0.9341939158438218,0.2297426164150238,0.10679759930154681,Logistic Regression,10,5.862569808959961,0.0056111812591552734,success,,KMC,64
